Year	Month	DayofMonth	DayOfWeek	DepTime	CRSDepTime	ArrTime	CRSArrTime	UniqueCarrier	FlightNum	TailNum	ActualElapsedTime	CRSElapsedTime	AirTime	ArrDelay	DepDelay	Origin	Dest	Distance	TaxiIn	TaxiOut	Cancelled	Diverted
2002	1	13	7	2231	2235	2342	2353	US	723	N709��	71	78	55	-11	-4	PIT	CLT	366	3	13	0	0
2002	1	14	1	2230	2235	2347	2353	US	723	N733��	77	78	60	-6	-5	PIT	CLT	366	3	14	0	0
2002	1	15	2	2230	2235	2342	2353	US	723	N758��	72	78	55	-11	-5	PIT	CLT	366	3	14	0	0
2002	1	16	3	2230	2235	2340	2353	US	723	N707��	70	78	57	-13	-5	PIT	CLT	366	3	10	0	0
2002	1	17	4	2227	2235	2345	2353	US	723	N713��	78	78	60	-8	-8	PIT	CLT	366	5	13	0	0
2002	1	18	5	2227	2235	2346	2353	US	723	N722��	79	78	59	-7	-8	PIT	CLT	366	5	15	0	0
2002	1	19	6	2234	2235	2347	2353	US	723	N705��	73	78	56	-6	-1	PIT	CLT	366	4	13	0	0
2002	1	20	7	2233	2235	2346	2353	US	723	N749��	73	78	59	-7	-2	PIT	CLT	366	5	9	0	0
2002	1	21	1	2228	2235	2341	2353	US	723	N701��	73	78	57	-12	-7	PIT	CLT	366	4	12	0	0
2002	1	22	2	2230	2235	2351	2353	US	723	N745��	81	78	63	-2	-5	PIT	CLT	366	5	13	0	0
2002	1	23	3	2228	2235	2346	2353	US	723	N723��	78	78	62	-7	-7	PIT	CLT	366	5	11	0	0
2002	1	24	4	2230	2235	2349	2353	US	723	N720��	79	78	65	-4	-5	PIT	CLT	366	4	10	0	0
2002	1	25	5	2225	2235	2340	2353	US	723	N710��	75	78	55	-13	-10	PIT	CLT	366	4	16	0	0
2002	1	26	6	2232	2235	2339	2353	US	723	N714��	67	78	50	-14	-3	PIT	CLT	366	8	9	0	0
2002	1	27	7	2231	2235	2341	2353	US	723	N746��	70	78	52	-12	-4	PIT	CLT	366	4	14	0	0
2002	1	28	1	2232	2235	2338	2353	US	723	N743��	66	78	53	-15	-3	PIT	CLT	366	3	10	0	0
2002	1	29	2	2229	2235	2337	2353	US	723	N743��	68	78	54	-16	-6	PIT	CLT	366	3	11	0	0
2002	1	30	3	2231	2235	2341	2353	US	723	N711��	70	78	54	-12	-4	PIT	CLT	366	4	12	0	0
2002	1	31	4	2237	2235	2349	2353	US	723	N708��	72	78	55	-4	2	PIT	CLT	366	7	10	0	0
2002	1	6	7	740	745	906	912	US	724	N385��	86	87	65	-6	-5	PHL	CLE	363	7	14	0	0
2002	1	7	1	744	745	904	912	US	724	N528A�	80	87	61	-8	-1	PHL	CLE	363	8	11	0	0
2002	1	8	2	742	745	913	912	US	724	N373��	91	87	67	1	-3	PHL	CLE	363	9	15	0	0
2002	1	9	3	740	745	914	912	US	724	N384��	94	87	73	2	-5	PHL	CLE	363	6	15	0	0
2002	1	10	4	740	745	910	912	US	724	N505A�	90	87	73	-2	-5	PHL	CLE	363	6	11	0	0
2002	1	11	5	744	745	911	912	US	724	N346��	87	87	65	-1	-1	PHL	CLE	363	6	16	0	0
2002	1	12	6	740	745	905	912	US	724	N518A�	85	87	64	-7	-5	PHL	CLE	363	7	14	0	0
2002	1	13	7	805	745	948	912	US	724	N576��	103	87	64	36	20	PHL	CLE	363	6	33	0	0
2002	1	14	1	759	745	939	912	US	724	N349��	100	87	62	27	14	PHL	CLE	363	7	31	0	0
2002	1	15	2	743	745	906	912	US	724	N351��	83	87	67	-6	-2	PHL	CLE	363	5	11	0	0
2002	1	16	3	739	745	905	912	US	724	N530A�	86	87	71	-7	-6	PHL	CLE	363	5	10	0	0
2002	1	17	4	748	745	920	912	US	724	N515A�	92	87	75	8	3	PHL	CLE	363	7	10	0	0
2002	1	18	5	745	745	917	912	US	724	N505A�	92	87	75	5	0	PHL	CLE	363	6	11	0	0
2002	1	19	6	740	745	910	912	US	724	N300A�	90	87	71	-2	-5	PHL	CLE	363	7	12	0	0
2002	1	20	7	754	745	1009	912	US	724	N350��	135	87	67	57	9	PHL	CLE	363	4	64	0	0
2002	1	21	1	748	745	939	912	US	724	N393��	111	87	74	27	3	PHL	CLE	363	10	27	0	0
2002	1	22	2	744	745	911	912	US	724	N341��	87	87	68	-1	-1	PHL	CLE	363	5	14	0	0
2002	1	23	3	741	745	908	912	US	724	N534A�	87	87	71	-4	-4	PHL	CLE	363	5	11	0	0
2002	1	24	4	752	745	939	912	US	724	N354��	107	87	76	27	7	PHL	CLE	363	5	26	0	0
2002	1	25	5	741	745	910	912	US	724	N527A�	89	87	71	-2	-4	PHL	CLE	363	6	12	0	0
2002	1	26	6	741	745	907	912	US	724	N530A�	86	87	64	-5	-4	PHL	CLE	363	7	15	0	0
2002	1	27	7	740	745	857	912	US	724	N560A�	77	87	63	-15	-5	PHL	CLE	363	4	10	0	0
2002	1	28	1	740	745	906	912	US	724	N515A�	86	87	64	-6	-5	PHL	CLE	363	7	15	0	0
2002	1	29	2	738	745	909	912	US	724	N591��	91	87	67	-3	-7	PHL	CLE	363	6	18	0	0
2002	1	30	3	739	745	911	912	US	724	N352��	92	87	75	-1	-6	PHL	CLE	363	4	13	0	0
2002	1	31	4	744	745	913	912	US	724	N335��	89	87	73	1	-1	PHL	CLE	363	5	11	0	0
2002	1	1	2	1619	1620	1751	1752	US	725	N504A�	92	92	74	-1	-1	PIT	PVD	467	4	14	0	0
2002	1	2	3	1624	1620	1810	1752	US	725	N559A�	106	92	68	18	4	PIT	PVD	467	7	31	0	0
2002	1	3	4	1617	1620	1747	1752	US	725	N532A�	90	92	76	-5	-3	PIT	PVD	467	4	10	0	0
2002	1	4	5	1728	1620	1850	1752	US	725	N586��	82	92	70	58	68	PIT	PVD	467	4	8	0	0
2002	1	5	6	1617	1620	1736	1752	US	725	N719��	79	92	63	-16	-3	PIT	PVD	467	5	11	0	0
2002	1	1	2	753	755	1018	1040	US	726	N740��	85	105	68	-22	-2	STL	PIT	553	6	11	0	0
2002	1	2	3	746	755	1023	1040	US	726	N712��	97	105	70	-17	-9	STL	PIT	553	7	20	0	0
2002	1	3	4	749	755	1034	1040	US	726	N766��	105	105	82	-6	-6	STL	PIT	553	6	17	0	0
2002	1	4	5	748	755	1031	1040	US	726	N737��	103	105	80	-9	-7	STL	PIT	553	5	18	0	0
2002	1	5	6	749	755	1027	1040	US	726	N766��	98	105	75	-13	-6	STL	PIT	553	6	17	0	0
2002	1	6	7	755	755	1048	1037	US	726	N717��	113	102	92	11	0	STL	PIT	553	6	15	0	0
2002	1	7	1	NULL	755	NULL	1037	US	726	�NKNO�	NULL	102	NULL	NULL	NULL	STL	PIT	553	0	0	1	0
2002	1	8	2	751	755	1053	1037	US	726	N740��	122	102	87	16	-4	STL	PIT	553	9	26	0	0
2002	1	9	3	809	755	1042	1037	US	726	N765��	93	102	73	5	14	STL	PIT	553	7	13	0	0
2002	1	10	4	750	755	1023	1037	US	726	N715��	93	102	68	-14	-5	STL	PIT	553	6	19	0	0
2002	1	11	5	748	755	1033	1037	US	726	N713��	105	102	73	-4	-7	STL	PIT	553	7	25	0	0
2002	1	12	6	749	755	1026	1037	US	726	N737��	97	102	74	-11	-6	STL	PIT	553	6	17	0	0
2002	1	13	7	749	755	1029	1037	US	726	N707��	100	102	76	-8	-6	STL	PIT	553	5	19	0	0
2002	1	14	1	751	755	1022	1037	US	726	N727��	91	102	68	-15	-4	STL	PIT	553	6	17	0	0
2002	1	15	2	758	755	1034	1037	US	726	N730��	96	102	78	-3	3	STL	PIT	553	5	13	0	0
2002	1	16	3	750	755	1032	1037	US	726	N743��	102	102	70	-5	-5	STL	PIT	553	4	28	0	0
2002	1	17	4	755	755	1020	1037	US	726	N705��	85	102	61	-17	0	STL	PIT	553	7	17	0	0
2002	1	18	5	750	755	1027	1037	US	726	N744��	97	102	66	-10	-5	STL	PIT	553	9	22	0	0
2002	1	19	6	755	755	1029	1037	US	726	N764��	94	102	65	-8	0	STL	PIT	553	10	19	0	0
2002	1	20	7	752	755	1017	1037	US	726	N724��	85	102	65	-20	-3	STL	PIT	553	8	12	0	0
2002	1	21	1	750	755	1044	1037	US	726	N746��	114	102	80	7	-5	STL	PIT	553	7	27	0	0
2002	1	22	2	755	755	1032	1037	US	726	N768��	97	102	69	-5	0	STL	PIT	553	7	21	0	0
2002	1	23	3	749	755	1018	1037	US	726	N708��	89	102	71	-19	-6	STL	PIT	553	4	14	0	0
2002	1	24	4	748	755	1036	1037	US	726	N714��	108	102	68	-1	-7	STL	PIT	553	5	35	0	0
2002	1	25	5	755	755	1037	1037	US	726	N768��	102	102	71	0	0	STL	PIT	553	7	24	0	0
2002	1	26	6	748	755	1023	1037	US	726	N705��	95	102	71	-14	-7	STL	PIT	553	7	17	0	0
2002	1	27	7	751	755	1018	1037	US	726	N726��	87	102	70	-19	-4	STL	PIT	553	7	10	0	0
2002	1	28	1	758	755	1042	1037	US	726	N714��	104	102	73	5	3	STL	PIT	553	6	25	0	0
2002	1	29	2	747	755	1031	1037	US	726	N744��	104	102	75	-6	-8	STL	PIT	553	4	25	0	0
2002	1	30	3	749	755	1011	1037	US	726	N714��	82	102	67	-26	-6	STL	PIT	553	5	10	0	0
2002	1	31	4	752	755	1022	1037	US	726	N710��	90	102	68	-15	-3	STL	PIT	553	6	16	0	0
2002	1	6	7	934	935	1108	1118	US	728	N436��	94	103	73	-10	-1	CLT	BUF	546	7	14	0	0
2002	1	7	1	934	935	1115	1118	US	728	N413��	101	103	76	-3	-1	CLT	BUF	546	5	20	0	0
2002	1	8	2	930	935	1114	1118	US	728	N444��	104	103	79	-4	-5	CLT	BUF	546	3	22	0	0
2002	1	9	3	929	935	1126	1118	US	728	N449��	117	103	90	8	-6	CLT	BUF	546	3	24	0	0
2002	1	10	4	931	935	1113	1118	US	728	N423��	102	103	85	-5	-4	CLT	BUF	546	2	15	0	0
2002	1	11	5	930	935	1109	1118	US	728	N405��	99	103	77	-9	-5	CLT	BUF	546	2	20	0	0
2002	1	12	6	930	935	1113	1118	US	728	N420��	103	103	79	-5	-5	CLT	BUF	546	4	20	0	0
2002	1	13	7	931	935	1114	1118	US	728	N442��	103	103	81	-4	-4	CLT	BUF	546	3	19	0	0
2002	1	14	1	935	935	1115	1118	US	728	N422��	100	103	71	-3	0	CLT	BUF	546	4	25	0	0
2002	1	15	2	932	935	1118	1118	US	728	N431��	106	103	77	0	-3	CLT	BUF	546	2	27	0	0
2002	1	16	3	932	935	1113	1118	US	728	N420��	101	103	78	-5	-3	CLT	BUF	546	3	20	0	0
2002	1	17	4	931	935	1113	1118	US	728	N411��	102	103	85	-5	-4	CLT	BUF	546	3	14	0	0
2002	1	18	5	931	935	1126	1118	US	728	N426��	115	103	85	8	-4	CLT	BUF	546	4	26	0	0
2002	1	19	6	947	935	1126	1118	US	728	N412��	99	103	69	8	12	CLT	BUF	546	2	28	0	0
2002	1	20	7	931	935	1115	1118	US	728	N427��	104	103	81	-3	-4	CLT	BUF	546	3	20	0	0
2002	1	21	1	955	935	1138	1118	US	728	N783A�	103	103	75	20	20	CLT	BUF	546	4	24	0	0
2002	1	22	2	934	935	1121	1118	US	728	N781A�	107	103	74	3	-1	CLT	BUF	546	3	30	0	0
2002	1	23	3	934	935	1107	1118	US	728	N439��	93	103	77	-11	-1	CLT	BUF	546	2	14	0	0
2002	1	24	4	930	935	1116	1118	US	728	N447��	106	103	75	-2	-5	CLT	BUF	546	5	26	0	0
2002	1	25	5	928	935	1130	1118	US	728	N412��	122	103	80	12	-7	CLT	BUF	546	3	39	0	0
2002	1	26	6	933	935	1105	1118	US	728	N413��	92	103	78	-13	-2	CLT	BUF	546	2	12	0	0
2002	1	27	7	933	935	1111	1118	US	728	N404��	98	103	83	-7	-2	CLT	BUF	546	2	13	0	0
2002	1	28	1	930	935	1111	1118	US	728	N428��	101	103	81	-7	-5	CLT	BUF	546	3	17	0	0
2002	1	29	2	933	935	1113	1118	US	728	N424��	100	103	76	-5	-2	CLT	BUF	546	3	21	0	0
2002	1	30	3	933	935	1106	1118	US	728	N407��	93	103	75	-12	-2	CLT	BUF	546	4	14	0	0
2002	1	31	4	931	935	NULL	1118	US	728	N780A�	NULL	103	NULL	NULL	-4	CLT	BUF	546	0	13	0	1
2002	1	6	7	1147	1140	1259	1221	US	729	N899��	132	101	83	38	7	PIT	BNA	462	3	46	0	0
2002	1	7	1	1136	1140	1218	1221	US	729	N862��	102	101	71	-3	-4	PIT	BNA	462	4	27	0	0
2002	1	8	2	1145	1140	1218	1221	US	729	N889��	93	101	73	-3	5	PIT	BNA	462	7	13	0	0
2002	1	9	3	1133	1140	1209	1221	US	729	N852��	96	101	75	-12	-7	PIT	BNA	462	5	16	0	0
2002	1	10	4	1136	1140	1219	1221	US	729	N857��	103	101	82	-2	-4	PIT	BNA	462	6	15	0	0
2002	1	11	5	1136	1140	1215	1221	US	729	N899��	99	101	84	-6	-4	PIT	BNA	462	4	11	0	0
2002	1	12	6	1140	1140	1212	1221	US	729	N862��	92	101	76	-9	0	PIT	BNA	462	4	12	0	0
2002	1	13	7	1137	1140	1212	1221	US	729	N851��	95	101	77	-9	-3	PIT	BNA	462	4	14	0	0
2002	1	14	1	1147	1140	1236	1221	US	729	N850��	109	101	87	15	7	PIT	BNA	462	6	16	0	0
2002	1	15	2	1140	1140	1219	1221	US	729	N862��	99	101	82	-2	0	PIT	BNA	462	3	14	0	0
2002	1	16	3	1141	1140	1220	1221	US	729	N884��	99	101	76	-1	1	PIT	BNA	462	6	17	0	0
2002	1	17	4	1136	1140	1227	1221	US	729	N884��	111	101	97	6	-4	PIT	BNA	462	4	10	0	0
2002	1	18	5	1137	1140	1226	1221	US	729	N851��	109	101	89	5	-3	PIT	BNA	462	4	16	0	0
2002	1	19	6	1251	1140	1348	1221	US	729	N884��	117	101	93	87	71	PIT	BNA	462	6	18	0	0
2002	1	20	7	1135	1140	1212	1221	US	729	N854��	97	101	78	-9	-5	PIT	BNA	462	5	14	0	0
2002	1	21	1	1138	1140	1219	1221	US	729	N894��	101	101	85	-2	-2	PIT	BNA	462	5	11	0	0
2002	1	22	2	1136	1140	1210	1221	US	729	N890��	94	101	74	-11	-4	PIT	BNA	462	5	15	0	0
2002	1	23	3	1136	1140	1220	1221	US	729	N884��	104	101	82	-1	-4	PIT	BNA	462	6	16	0	0
2002	1	24	4	1138	1140	1232	1221	US	729	N851��	114	101	98	11	-2	PIT	BNA	462	4	12	0	0
2002	1	25	5	1136	1140	1218	1221	US	729	N850��	102	101	85	-3	-4	PIT	BNA	462	4	13	0	0
2002	1	26	6	1137	1140	1207	1221	US	729	N854��	90	101	69	-14	-3	PIT	BNA	462	4	17	0	0
2002	1	27	7	1136	1140	1215	1221	US	729	N850��	99	101	75	-6	-4	PIT	BNA	462	5	19	0	0
2002	1	28	1	1144	1140	1223	1221	US	729	N884��	99	101	74	2	4	PIT	BNA	462	6	19	0	0
2002	1	29	2	1139	1140	1220	1221	US	729	N889��	101	101	76	-1	-1	PIT	BNA	462	6	19	0	0
2002	1	30	3	1136	1140	1216	1221	US	729	N854��	100	101	77	-5	-4	PIT	BNA	462	7	16	0	0
2002	1	31	4	1135	1140	1220	1221	US	729	N884��	105	101	84	-1	-5	PIT	BNA	462	5	16	0	0
2002	1	6	7	746	745	1030	1006	US	731	N117��	164	141	140	24	1	MHT	CLT	737	5	19	0	0
2002	1	7	1	740	745	958	1006	US	731	N121��	138	141	112	-8	-5	MHT	CLT	737	18	8	0	0
2002	1	8	2	745	745	956	1006	US	731	N727��	131	141	101	-10	0	MHT	CLT	737	20	10	0	0
2002	1	9	3	801	745	1001	1006	US	731	N118��	120	141	97	-5	16	MHT	CLT	737	6	17	0	0
2002	1	10	4	741	745	1019	1006	US	731	N108��	158	141	116	13	-4	MHT	CLT	737	6	36	0	0
2002	1	11	5	738	745	1000	1006	US	731	N119��	142	141	128	-6	-7	MHT	CLT	737	5	9	0	0
2002	1	12	6	739	745	959	1006	US	731	N124��	140	141	106	-7	-6	MHT	CLT	737	13	21	0	0
2002	1	13	7	737	745	1011	1006	US	731	N115��	154	141	113	5	-8	MHT	CLT	737	9	32	0	0
2002	1	14	1	742	745	1000	1006	US	731	N124��	138	141	122	-6	-3	MHT	CLT	737	3	13	0	0
2002	1	15	2	744	745	1011	1006	US	731	N115��	147	141	130	5	-1	MHT	CLT	737	4	13	0	0
2002	1	16	3	741	745	1009	1006	US	731	N123��	148	141	126	3	-4	MHT	CLT	737	4	18	0	0
2002	1	17	4	738	745	948	1006	US	731	N120��	130	141	113	-18	-7	MHT	CLT	737	6	11	0	0
2002	1	18	5	741	745	1007	1006	US	731	N123��	146	141	127	1	-4	MHT	CLT	737	6	13	0	0
2002	1	19	6	740	745	1013	1006	US	731	N122��	153	141	136	7	-5	MHT	CLT	737	5	12	0	0
2002	1	20	7	737	745	952	1006	US	731	N123��	135	141	109	-14	-8	MHT	CLT	737	14	12	0	0
2002	1	21	1	737	745	1024	1006	US	731	N120��	167	141	137	18	-8	MHT	CLT	737	7	23	0	0
2002	1	22	2	740	745	959	1006	US	731	N123��	139	141	114	-7	-5	MHT	CLT	737	9	16	0	0
2002	1	23	3	740	745	1023	1006	US	731	N118��	163	141	136	17	-5	MHT	CLT	737	4	23	0	0
2002	1	24	4	750	745	1055	1006	US	731	N122��	185	141	117	49	5	MHT	CLT	737	9	59	0	0
2002	1	25	5	739	745	1012	1006	US	731	N114��	153	141	137	6	-6	MHT	CLT	737	4	12	0	0
2002	1	26	6	739	745	1001	1006	US	731	N113��	142	141	108	-5	-6	MHT	CLT	737	8	26	0	0
2002	1	27	7	736	745	956	1006	US	731	N115��	140	141	102	-10	-9	MHT	CLT	737	24	14	0	0
2002	1	28	1	739	745	952	1006	US	731	N114��	133	141	104	-14	-6	MHT	CLT	737	12	17	0	0
2002	1	29	2	740	745	949	1006	US	731	N117��	129	141	107	-17	-5	MHT	CLT	737	12	10	0	0
2002	1	30	3	740	745	948	1006	US	731	N716��	128	141	113	-18	-5	MHT	CLT	737	5	10	0	0
2002	1	31	4	819	745	1026	1006	US	731	N117��	127	141	115	20	34	MHT	CLT	737	5	7	0	0
2002	1	1	2	1556	1600	1911	1906	US	734	N584��	135	126	98	5	-4	BNA	PHL	675	21	16	0	0
2002	1	2	3	1550	1600	1850	1906	US	734	N558A�	120	126	98	-16	-10	BNA	PHL	675	7	15	0	0
2002	1	3	4	1552	1600	1848	1906	US	734	N352��	116	126	101	-18	-8	BNA	PHL	675	3	12	0	0
2002	1	4	5	1552	1600	1905	1906	US	734	N515A�	133	126	105	-1	-8	BNA	PHL	675	16	12	0	0
2002	1	5	6	1558	1600	1853	1906	US	734	N592��	115	126	101	-13	-2	BNA	PHL	675	4	10	0	0
2002	1	6	7	1600	1600	1936	1902	US	734	N346��	156	122	123	34	0	BNA	PHL	675	21	12	0	0
2002	1	7	1	1649	1600	1956	1902	US	734	N526A�	127	122	106	54	49	BNA	PHL	675	6	15	0	0
2002	1	8	2	1556	1600	1904	1902	US	734	N522A�	128	122	108	2	-4	BNA	PHL	675	7	13	0	0
2002	1	9	3	1557	1600	1905	1902	US	734	N586��	128	122	107	3	-3	BNA	PHL	675	9	12	0	0
2002	1	10	4	1558	1600	1857	1902	US	734	N516A�	119	122	102	-5	-2	BNA	PHL	675	3	14	0	0
2002	1	11	5	1621	1600	1936	1902	US	734	N504A�	135	122	99	34	21	BNA	PHL	675	9	27	0	0
2002	1	12	6	1604	1600	1856	1902	US	734	N589��	112	122	100	-6	4	BNA	PHL	675	3	9	0	0
2002	1	13	7	1625	1600	1928	1902	US	734	N511A�	123	122	110	26	25	BNA	PHL	675	3	10	0	0
2002	1	14	1	1553	1600	1900	1902	US	734	N355��	127	122	108	-2	-7	BNA	PHL	675	7	12	0	0
2002	1	15	2	1556	1600	1855	1902	US	734	N300A�	119	122	104	-7	-4	BNA	PHL	675	3	12	0	0
2002	1	16	3	1555	1600	1843	1902	US	734	N396��	108	122	93	-19	-5	BNA	PHL	675	3	12	0	0
2002	1	17	4	1554	1600	1844	1902	US	734	N371��	110	122	93	-18	-6	BNA	PHL	675	5	12	0	0
2002	1	18	5	1606	1600	1859	1902	US	734	N335��	113	122	96	-3	6	BNA	PHL	675	2	15	0	0
2002	1	19	6	1804	1600	2153	1902	US	734	N350��	169	122	128	171	124	BNA	PHL	675	32	9	0	0
2002	1	20	7	NULL	1600	NULL	1902	US	734	�NKNO�	NULL	122	NULL	NULL	NULL	BNA	PHL	675	0	0	1	0
2002	1	21	1	1554	1600	1858	1902	US	734	N354��	124	122	100	-4	-6	BNA	PHL	675	11	13	0	0
2002	1	22	2	1604	1600	1915	1902	US	734	N512A�	131	122	102	13	4	BNA	PHL	675	17	12	0	0
2002	1	23	3	1801	1600	2133	1902	US	734	N335��	152	122	114	151	121	BNA	PHL	675	7	31	0	0
2002	1	24	4	1703	1600	1947	1902	US	734	N558A�	104	122	89	45	63	BNA	PHL	675	3	12	0	0
2002	1	25	5	1558	1600	1857	1902	US	734	N393��	119	122	105	-5	-2	BNA	PHL	675	4	10	0	0
2002	1	26	6	1552	1600	1905	1902	US	734	N350��	133	122	114	3	-8	BNA	PHL	675	7	12	0	0
2002	1	27	7	1555	1600	1907	1902	US	734	N349��	132	122	114	5	-5	BNA	PHL	675	6	12	0	0
2002	1	28	1	1552	1600	1857	1902	US	734	N590��	125	122	108	-5	-8	BNA	PHL	675	4	13	0	0
2002	1	29	2	1553	1600	1903	1902	US	734	N522A�	130	122	113	1	-7	BNA	PHL	675	4	13	0	0
2002	1	30	3	1554	1600	1856	1902	US	734	N334��	122	122	108	-6	-6	BNA	PHL	675	3	11	0	0
2002	1	31	4	1725	1600	2030	1902	US	734	N560A�	125	122	104	88	85	BNA	PHL	675	7	14	0	0
2002	1	1	2	752	755	959	1005	US	735	N508A�	187	190	157	-6	-3	PHL	MCI	1038	5	25	0	0
2002	1	2	3	753	755	1003	1005	US	735	N342��	190	190	165	-2	-2	PHL	MCI	1038	4	21	0	0
2002	1	3	4	750	755	929	1005	US	735	N342��	159	190	134	-36	-5	PHL	MCI	1038	4	21	0	0
2002	1	4	5	753	755	1002	1005	US	735	N585��	189	190	159	-3	-2	PHL	MCI	1038	5	25	0	0
2002	1	5	6	755	755	945	1005	US	735	N573��	170	190	158	-20	0	PHL	MCI	1038	2	10	0	0
2002	1	7	1	828	810	1020	1032	US	735	N504A�	172	202	138	-12	18	PHL	MCI	1038	3	31	0	0
2002	1	8	2	810	810	951	1032	US	735	N338��	161	202	140	-41	0	PHL	MCI	1038	4	17	0	0
2002	1	9	3	812	810	1039	1032	US	735	N514A�	207	202	163	7	2	PHL	MCI	1038	6	38	0	0
2002	1	10	4	804	810	1121	1032	US	735	N527A�	257	202	197	49	-6	PHL	MCI	1038	7	53	0	0
2002	1	11	5	808	810	1019	1032	US	735	N395��	191	202	155	-13	-2	PHL	MCI	1038	3	33	0	0
2002	1	14	1	845	810	1120	1032	US	735	N584��	215	202	175	48	35	PHL	MCI	1038	5	35	0	0
2002	1	15	2	809	810	1041	1032	US	735	N387��	212	202	169	9	-1	PHL	MCI	1038	5	38	0	0
2002	1	16	3	812	810	1043	1032	US	735	N394��	211	202	183	11	2	PHL	MCI	1038	5	23	0	0
2002	1	17	4	807	810	1102	1032	US	735	N521A�	235	202	188	30	-3	PHL	MCI	1038	3	44	0	0
2002	1	18	5	807	810	1056	1032	US	735	N349��	229	202	196	24	-3	PHL	MCI	1038	6	27	0	0
2002	1	21	1	810	810	1057	1032	US	735	N517A�	227	202	170	25	0	PHL	MCI	1038	6	51	0	0
2002	1	22	2	810	810	1030	1032	US	735	N353��	200	202	174	-2	0	PHL	MCI	1038	3	23	0	0
2002	1	23	3	806	810	1053	1032	US	735	N375��	227	202	185	21	-4	PHL	MCI	1038	4	38	0	0
2002	1	24	4	806	810	1123	1032	US	735	N339��	257	202	206	51	-4	PHL	MCI	1038	7	44	0	0
2002	1	25	5	806	810	1013	1032	US	735	N506A�	187	202	168	-19	-4	PHL	MCI	1038	3	16	0	0
2002	1	28	1	813	810	1035	1032	US	735	N533A�	202	202	167	3	3	PHL	MCI	1038	5	30	0	0
2002	1	29	2	806	810	1048	1032	US	735	N395��	222	202	168	16	-4	PHL	MCI	1038	4	50	0	0
2002	1	30	3	NULL	810	NULL	1032	US	735	�NKNO�	NULL	202	NULL	NULL	NULL	PHL	MCI	1038	0	0	1	0
2002	1	31	4	825	810	1102	1032	US	735	N574��	217	202	165	30	15	PHL	MCI	1038	5	47	0	0
2002	1	1	2	550	600	709	715	US	735	N508A�	79	75	53	-6	-10	ROC	PHL	257	6	20	0	0
2002	1	2	3	555	600	719	715	US	735	N342��	84	75	57	4	-5	ROC	PHL	257	5	22	0	0
2002	1	3	4	556	600	712	715	US	735	N342��	76	75	54	-3	-4	ROC	PHL	257	3	19	0	0
2002	1	4	5	553	600	715	715	US	735	N585��	82	75	57	0	-7	ROC	PHL	257	5	20	0	0
2002	1	5	6	553	600	705	715	US	735	N573��	72	75	55	-10	-7	ROC	PHL	257	3	14	0	0
2002	1	6	7	557	600	713	720	US	735	N396��	76	80	54	-7	-3	ROC	PHL	257	5	17	0	0
2002	1	7	1	603	600	754	720	US	735	N504A�	111	80	55	34	3	ROC	PHL	257	5	51	0	0
2002	1	8	2	555	600	720	720	US	735	N338��	85	80	53	0	-5	ROC	PHL	257	3	29	0	0
2002	1	9	3	556	600	705	720	US	735	N563��	69	80	53	-15	-4	ROC	PHL	257	5	11	0	0
2002	1	10	4	556	600	712	720	US	735	N584��	76	80	56	-8	-4	ROC	PHL	257	7	13	0	0
2002	1	11	5	553	600	737	720	US	735	N395��	104	80	69	17	-7	ROC	PHL	257	10	25	0	0
2002	1	12	6	600	600	706	720	US	735	N522A�	66	80	49	-14	0	ROC	PHL	257	6	11	0	0
2002	1	13	7	552	600	711	720	US	735	N506A�	79	80	52	-9	-8	ROC	PHL	257	8	19	0	0
2002	1	14	1	557	600	721	720	US	735	N584��	84	80	53	1	-3	ROC	PHL	257	10	21	0	0
2002	1	15	2	552	600	713	720	US	735	N335��	81	80	53	-7	-8	ROC	PHL	257	11	17	0	0
2002	1	16	3	555	600	713	720	US	735	N394��	78	80	49	-7	-5	ROC	PHL	257	5	24	0	0
2002	1	17	4	557	600	729	720	US	735	N521A�	92	80	57	9	-3	ROC	PHL	257	5	30	0	0
2002	1	18	5	554	600	705	720	US	735	N349��	71	80	56	-15	-6	ROC	PHL	257	2	13	0	0
2002	1	19	6	557	600	714	720	US	735	N592��	77	80	50	-6	-3	ROC	PHL	257	14	13	0	0
2002	1	20	7	556	600	739	720	US	735	N371��	103	80	43	19	-4	ROC	PHL	257	37	23	0	0
2002	1	21	1	554	600	712	720	US	735	N517A�	78	80	55	-8	-6	ROC	PHL	257	13	10	0	0
2002	1	22	2	552	600	702	720	US	735	N353��	70	80	51	-18	-8	ROC	PHL	257	6	13	0	0
2002	1	23	3	554	600	710	720	US	735	N375��	76	80	64	-10	-6	ROC	PHL	257	2	10	0	0
2002	1	24	4	606	600	722	720	US	735	N339��	76	80	59	2	6	ROC	PHL	257	3	14	0	0
2002	1	25	5	557	600	722	720	US	735	N506A�	85	80	53	2	-3	ROC	PHL	257	13	19	0	0
2002	1	26	6	555	600	712	720	US	735	N559A�	77	80	59	-8	-5	ROC	PHL	257	5	13	0	0
2002	1	27	7	554	600	725	720	US	735	N558A�	91	80	51	5	-6	ROC	PHL	257	26	14	0	0
2002	1	28	1	555	600	739	720	US	735	N533A�	104	80	56	19	-5	ROC	PHL	257	34	14	0	0
2002	1	29	2	554	600	704	720	US	735	N395��	70	80	54	-16	-6	ROC	PHL	257	4	12	0	0
2002	1	30	3	557	600	728	720	US	735	N356��	91	80	46	8	-3	ROC	PHL	257	3	42	0	0
2002	1	31	4	557	600	734	720	US	735	N574��	97	80	62	14	-3	ROC	PHL	257	8	27	0	0
2002	1	1	2	2143	2145	2233	2241	US	738	N721��	50	56	32	-8	-2	PHL	IAD	134	7	11	0	0
2002	1	2	3	2139	2145	2236	2241	US	738	N712��	57	56	35	-5	-6	PHL	IAD	134	5	17	0	0
2002	1	3	4	2144	2145	2233	2241	US	738	N749��	49	56	35	-8	-1	PHL	IAD	134	4	10	0	0
2002	1	4	5	2141	2145	2229	2241	US	738	N737��	48	56	31	-12	-4	PHL	IAD	134	3	14	0	0
2002	1	1	2	730	730	1511	1516	US	740	N610A�	281	286	258	-5	0	SFO	PIT	2254	4	19	0	0
2002	1	2	3	741	730	1529	1516	US	740	N602A�	288	286	261	13	11	SFO	PIT	2254	8	19	0	0
2002	1	3	4	727	730	1511	1516	US	740	N616A�	284	286	267	-5	-3	SFO	PIT	2254	8	9	0	0
2002	1	4	5	724	730	1508	1516	US	740	N613A�	284	286	256	-8	-6	SFO	PIT	2254	8	20	0	0
2002	1	5	6	729	730	1503	1516	US	740	N602A�	274	286	257	-13	-1	SFO	PIT	2254	7	10	0	0
2002	1	6	7	722	730	1523	1508	US	740	N121��	301	278	270	15	-8	SFO	PIT	2254	10	21	0	0
2002	1	7	1	731	730	1518	1508	US	740	N607A�	287	278	268	10	1	SFO	PIT	2254	8	11	0	0
2002	1	8	2	726	730	1447	1508	US	740	N631A�	261	278	244	-21	-4	SFO	PIT	2254	5	12	0	0
2002	1	9	3	724	730	1435	1508	US	740	N610A�	251	278	235	-33	-6	SFO	PIT	2254	6	10	0	0
2002	1	10	4	733	730	1505	1508	US	740	N610A�	272	278	250	-3	3	SFO	PIT	2254	10	12	0	0
2002	1	11	5	726	730	1517	1508	US	740	N603A�	291	278	270	9	-4	SFO	PIT	2254	8	13	0	0
2002	1	12	6	726	730	1459	1508	US	740	N603A�	273	278	250	-9	-4	SFO	PIT	2254	11	12	0	0
2002	1	13	7	729	730	1506	1508	US	740	N609A�	277	278	250	-2	-1	SFO	PIT	2254	8	19	0	0
2002	1	14	1	724	730	1442	1508	US	740	N614A�	258	278	237	-26	-6	SFO	PIT	2254	9	12	0	0
2002	1	15	2	724	730	1429	1508	US	740	N631A�	245	278	226	-39	-6	SFO	PIT	2254	6	13	0	0
2002	1	16	3	726	730	1449	1508	US	740	N617A�	263	278	237	-19	-4	SFO	PIT	2254	7	19	0	0
2002	1	17	4	726	730	1439	1508	US	740	N601A�	253	278	229	-29	-4	SFO	PIT	2254	8	16	0	0
2002	1	18	5	731	730	1440	1508	US	740	N615A�	249	278	229	-28	1	SFO	PIT	2254	6	14	0	0
2002	1	19	6	723	730	1442	1508	US	740	N613A�	259	278	242	-26	-7	SFO	PIT	2254	7	10	0	0
2002	1	20	7	725	730	1445	1508	US	740	N628A�	260	278	246	-23	-5	SFO	PIT	2254	5	9	0	0
2002	1	21	1	740	730	1504	1508	US	740	N618A�	264	278	241	-4	10	SFO	PIT	2254	11	12	0	0
2002	1	22	2	724	730	1441	1508	US	740	N625A�	257	278	239	-27	-6	SFO	PIT	2254	6	12	0	0
2002	1	23	3	726	730	1443	1508	US	740	N610A�	257	278	240	-25	-4	SFO	PIT	2254	4	13	0	0
2002	1	24	4	722	730	1452	1508	US	740	N629A�	270	278	252	-16	-8	SFO	PIT	2254	6	12	0	0
2002	1	25	5	726	730	1446	1508	US	740	N631A�	260	278	243	-22	-4	SFO	PIT	2254	7	10	0	0
2002	1	26	6	724	730	1439	1508	US	740	N601A�	255	278	231	-29	-6	SFO	PIT	2254	4	20	0	0
2002	1	27	7	724	730	1450	1508	US	740	N613A�	266	278	239	-18	-6	SFO	PIT	2254	9	18	0	0
2002	1	28	1	724	730	1432	1508	US	740	N629A�	248	278	228	-36	-6	SFO	PIT	2254	6	14	0	0
2002	1	29	2	730	730	1444	1508	US	740	N612A�	254	278	230	-24	0	SFO	PIT	2254	5	19	0	0
2002	1	30	3	729	730	1447	1508	US	740	N607A�	258	278	233	-21	-1	SFO	PIT	2254	13	12	0	0
2002	1	31	4	734	730	1503	1508	US	740	N610A�	269	278	250	-5	4	SFO	PIT	2254	6	13	0	0
2002	1	1	2	1748	1745	1959	2013	US	741	N633A�	311	328	292	-14	3	PIT	SFO	2254	5	14	0	0
2002	1	2	3	1829	1745	2019	2013	US	741	N607A�	290	328	272	6	44	PIT	SFO	2254	8	10	0	0
2002	1	3	4	1830	1745	2031	2013	US	741	N601A�	301	328	278	18	45	PIT	SFO	2254	7	16	0	0
2002	1	4	5	1824	1745	2036	2013	US	741	N629A�	312	328	297	23	39	PIT	SFO	2254	5	10	0	0
2002	1	6	7	1913	1745	2133	2016	US	741	N618A�	320	331	282	77	88	PIT	SFO	2254	10	28	0	0
2002	1	7	1	1925	1745	2149	2016	US	741	N624A�	324	331	286	93	100	PIT	SFO	2254	8	30	0	0
2002	1	8	2	1749	1745	2026	2016	US	741	N625A�	337	331	314	10	4	PIT	SFO	2254	6	17	0	0
2002	1	9	3	1743	1745	2030	2016	US	741	N620A�	347	331	327	14	-2	PIT	SFO	2254	6	14	0	0
2002	1	10	4	1747	1745	1958	2016	US	741	N619A�	311	331	290	-18	2	PIT	SFO	2254	9	12	0	0
2002	1	11	5	1758	1745	2004	2016	US	741	N632A�	306	331	282	-12	13	PIT	SFO	2254	7	17	0	0
2002	1	12	6	1812	1745	2111	2016	US	741	N609A�	359	331	327	55	27	PIT	SFO	2254	14	18	0	0
2002	1	13	7	1801	1745	2026	2016	US	741	N615A�	325	331	306	10	16	PIT	SFO	2254	7	12	0	0
2002	1	14	1	1744	1745	2018	2016	US	741	N609A�	334	331	316	2	-1	PIT	SFO	2254	6	12	0	0
2002	1	15	2	1742	1745	2037	2016	US	741	N619A�	355	331	335	21	-3	PIT	SFO	2254	7	13	0	0
2002	1	16	3	1743	1745	2035	2016	US	741	N607A�	352	331	327	19	-2	PIT	SFO	2254	10	15	0	0
2002	1	17	4	1752	1745	2040	2016	US	741	N623A�	348	331	325	24	7	PIT	SFO	2254	8	15	0	0
2002	1	18	5	1755	1745	2027	2016	US	741	N627A�	332	331	309	11	10	PIT	SFO	2254	7	16	0	0
2002	1	19	6	1743	1745	2034	2016	US	741	N619A�	351	331	312	18	-2	PIT	SFO	2254	5	34	0	0
2002	1	20	7	1826	1745	2102	2016	US	741	N603A�	336	331	316	46	41	PIT	SFO	2254	8	12	0	0
2002	1	21	1	1828	1745	2114	2016	US	741	N623A�	346	331	326	58	43	PIT	SFO	2254	7	13	0	0
2002	1	22	2	1745	1745	2020	2016	US	741	N633A�	335	331	312	4	0	PIT	SFO	2254	9	14	0	0
2002	1	23	3	1750	1745	2027	2016	US	741	N607A�	337	331	313	11	5	PIT	SFO	2254	7	17	0	0
2002	1	24	4	1747	1745	2017	2016	US	741	N630A�	330	331	308	1	2	PIT	SFO	2254	7	15	0	0
2002	1	25	5	1756	1745	2017	2016	US	741	N603A�	321	331	300	1	11	PIT	SFO	2254	8	13	0	0
2002	1	26	6	1759	1745	2030	2016	US	741	N625A�	331	331	307	14	14	PIT	SFO	2254	5	19	0	0
2002	1	27	7	1745	1745	2036	2016	US	741	N616A�	351	331	324	20	0	PIT	SFO	2254	10	17	0	0
2002	1	28	1	1741	1745	2059	2016	US	741	N626A�	378	331	349	43	-4	PIT	SFO	2254	10	19	0	0
2002	1	29	2	1742	1745	2038	2016	US	741	N605A�	356	331	332	22	-3	PIT	SFO	2254	8	16	0	0
2002	1	30	3	NULL	1745	NULL	2016	US	741	�NKNO�	NULL	331	NULL	NULL	NULL	PIT	SFO	2254	0	0	1	0
2002	1	31	4	1823	1745	2051	2016	US	741	N601A�	328	331	303	35	38	PIT	SFO	2254	7	18	0	0
2002	1	1	2	1855	1900	2008	2015	US	743	N346��	73	75	57	-7	-5	GSO	PIT	304	6	10	0	0
2002	1	2	3	1857	1900	2008	2015	US	743	N376��	71	75	48	-7	-3	GSO	PIT	304	6	17	0	0
2002	1	3	4	1900	1900	2021	2015	US	743	N524A�	81	75	51	6	0	GSO	PIT	304	8	22	0	0
2002	1	4	5	1857	1900	2015	2015	US	743	N559A�	78	75	55	0	-3	GSO	PIT	304	7	16	0	0
2002	1	1	2	2049	2055	2148	2156	US	743	N346��	59	61	36	-8	-6	PIT	DAY	215	5	18	0	0
2002	1	2	3	2055	2055	2151	2156	US	743	N375��	56	61	41	-5	0	PIT	DAY	215	4	11	0	0
2002	1	3	4	2205	2055	2300	2156	US	743	N562A�	55	61	35	64	70	PIT	DAY	215	8	12	0	0
2002	1	4	5	2052	2055	2159	2156	US	743	N559A�	67	61	42	3	-3	PIT	DAY	215	6	19	0	0
2002	1	5	6	2051	2055	2150	2156	US	743	N375��	59	61	41	-6	-4	PIT	DAY	215	5	13	0	0
2002	1	6	7	2055	2055	2207	2158	US	743	N588��	72	63	42	9	0	PIT	DAY	215	5	25	0	0
2002	1	7	1	2051	2055	2159	2158	US	743	N529A�	68	63	35	1	-4	PIT	DAY	215	5	28	0	0
2002	1	8	2	2052	2055	2152	2158	US	743	N511A�	60	63	40	-6	-3	PIT	DAY	215	4	16	0	0
2002	1	9	3	2052	2055	2200	2158	US	743	N518A�	68	63	44	2	-3	PIT	DAY	215	6	18	0	0
2002	1	10	4	2050	2055	2150	2158	US	743	N528A�	60	63	43	-8	-5	PIT	DAY	215	5	12	0	0
2002	1	11	5	2051	2055	2150	2158	US	743	N574��	59	63	38	-8	-4	PIT	DAY	215	6	15	0	0
2002	1	12	6	2050	2055	2156	2158	US	743	N524A�	66	63	38	-2	-5	PIT	DAY	215	7	21	0	0
2002	1	13	7	2049	2055	2147	2158	US	743	N512A�	58	63	40	-11	-6	PIT	DAY	215	5	13	0	0
2002	1	14	1	2100	2055	2159	2158	US	743	N532A�	59	63	39	1	5	PIT	DAY	215	6	14	0	0
2002	1	15	2	2046	2055	2201	2158	US	743	N534A�	75	63	42	3	-9	PIT	DAY	215	6	27	0	0
2002	1	16	3	2051	2055	2153	2158	US	743	N585��	62	63	43	-5	-4	PIT	DAY	215	6	13	0	0
2002	1	17	4	2054	2055	2155	2158	US	743	N522A�	61	63	40	-3	-1	PIT	DAY	215	7	14	0	0
2002	1	18	5	2053	2055	2154	2158	US	743	N512A�	61	63	42	-4	-2	PIT	DAY	215	5	14	0	0
2002	1	19	6	2109	2055	2207	2158	US	743	N340��	58	63	39	9	14	PIT	DAY	215	4	15	0	0
2002	1	20	7	2051	2055	2150	2158	US	743	N374��	59	63	39	-8	-4	PIT	DAY	215	7	13	0	0
2002	1	21	1	2051	2055	2149	2158	US	743	N511A�	58	63	41	-9	-4	PIT	DAY	215	5	12	0	0
2002	1	22	2	2058	2055	2203	2158	US	743	N349��	65	63	39	5	3	PIT	DAY	215	7	19	0	0
2002	1	23	3	2051	2055	2149	2158	US	743	N529A�	58	63	39	-9	-4	PIT	DAY	215	4	15	0	0
2002	1	24	4	2055	2055	2154	2158	US	743	N342��	59	63	42	-4	0	PIT	DAY	215	6	11	0	0
2002	1	25	5	2050	2055	2151	2158	US	743	N349��	61	63	37	-7	-5	PIT	DAY	215	6	18	0	0
2002	1	26	6	2049	2055	2146	2158	US	743	N514A�	57	63	39	-12	-6	PIT	DAY	215	5	13	0	0
2002	1	27	7	2048	2055	2149	2158	US	743	N334��	61	63	40	-9	-7	PIT	DAY	215	6	15	0	0
2002	1	28	1	2051	2055	2147	2158	US	743	N342��	56	63	37	-11	-4	PIT	DAY	215	5	14	0	0
2002	1	29	2	2048	2055	2208	2158	US	743	N559A�	80	63	54	10	-7	PIT	DAY	215	7	19	0	0
2002	1	30	3	2050	2055	2200	2158	US	743	N337��	70	63	47	2	-5	PIT	DAY	215	6	17	0	0
2002	1	31	4	2052	2055	2158	2158	US	743	N394��	66	63	46	0	-3	PIT	DAY	215	7	13	0	0
2002	1	6	7	1926	1840	2050	2000	US	743	N349��	84	80	57	50	46	RDU	PIT	328	8	19	0	0
2002	1	7	1	1843	1840	1958	2000	US	743	N529A�	75	80	61	-2	3	RDU	PIT	328	7	7	0	0
2002	1	8	2	1905	1840	2024	2000	US	743	N511A�	79	80	57	24	25	RDU	PIT	328	7	15	0	0
2002	1	9	3	1835	1840	1958	2000	US	743	N518A�	83	80	68	-2	-5	RDU	PIT	328	5	10	0	0
2002	1	10	4	1839	1840	1950	2000	US	743	N528A�	71	80	54	-10	-1	RDU	PIT	328	7	10	0	0
2002	1	11	5	1837	1840	1952	2000	US	743	N574��	75	80	58	-8	-3	RDU	PIT	328	9	8	0	0
2002	1	13	7	1836	1840	1951	2000	US	743	N512A�	75	80	58	-9	-4	RDU	PIT	328	6	11	0	0
2002	1	14	1	1933	1840	2035	2000	US	743	N532A�	62	80	50	35	53	RDU	PIT	328	5	7	0	0
2002	1	15	2	1836	1840	1955	2000	US	743	N534A�	79	80	63	-5	-4	RDU	PIT	328	7	9	0	0
2002	1	16	3	1844	1840	2001	2000	US	743	N585��	77	80	61	1	4	RDU	PIT	328	8	8	0	0
2002	1	17	4	1840	1840	1951	2000	US	743	N522A�	71	80	55	-9	0	RDU	PIT	328	8	8	0	0
2002	1	18	5	1837	1840	1950	2000	US	743	N512A�	73	80	56	-10	-3	RDU	PIT	328	6	11	0	0
2002	1	20	7	1836	1840	1948	2000	US	743	N374��	72	80	50	-12	-4	RDU	PIT	328	8	14	0	0
2002	1	21	1	1851	1840	2001	2000	US	743	N511A�	70	80	54	1	11	RDU	PIT	328	7	9	0	0
2002	1	22	2	2021	1840	2136	2000	US	743	N373��	75	80	59	96	101	RDU	PIT	328	7	9	0	0
2002	1	23	3	1838	1840	2013	2000	US	743	N512A�	95	80	57	13	-2	RDU	PIT	328	4	34	0	0
2002	1	24	4	1853	1840	2001	2000	US	743	N342��	68	80	55	1	13	RDU	PIT	328	6	7	0	0
2002	1	25	5	1837	1840	1953	2000	US	743	N349��	76	80	52	-7	-3	RDU	PIT	328	7	17	0	0
2002	1	27	7	1832	1840	1944	2000	US	743	N334��	72	80	56	-16	-8	RDU	PIT	328	7	9	0	0
2002	1	28	1	1842	1840	1954	2000	US	743	N342��	72	80	56	-6	2	RDU	PIT	328	7	9	0	0
2002	1	29	2	1844	1840	1956	2000	US	743	N559A�	72	80	55	-4	4	RDU	PIT	328	7	10	0	0
2002	1	30	3	1840	1840	2006	2000	US	743	N337��	86	80	62	6	0	RDU	PIT	328	6	18	0	0
2002	1	31	4	1855	1840	2006	2000	US	743	N394��	71	80	52	6	15	RDU	PIT	328	6	13	0	0
2002	1	1	2	655	700	1026	1047	US	744	N591��	151	167	138	-21	-5	IAH	PIT	1117	3	10	0	0
2002	1	2	3	659	700	1031	1047	US	744	N389��	152	167	135	-16	-1	IAH	PIT	1117	6	11	0	0
2002	1	3	4	654	700	1030	1047	US	744	N575��	156	167	140	-17	-6	IAH	PIT	1117	6	10	0	0
2002	1	4	5	653	700	1103	1047	US	744	N577��	190	167	165	16	-7	IAH	PIT	1117	8	17	0	0
2002	1	5	6	654	700	1028	1047	US	744	N514A�	154	167	134	-19	-6	IAH	PIT	1117	5	15	0	0
2002	1	6	7	656	700	1042	1042	US	744	N356��	166	162	146	0	-4	IAH	PIT	1117	10	10	0	0
2002	1	7	1	655	700	1038	1042	US	744	N514A�	163	162	148	-4	-5	IAH	PIT	1117	6	9	0	0
2002	1	8	2	656	700	1100	1042	US	744	N520A�	184	162	166	18	-4	IAH	PIT	1117	10	8	0	0
2002	1	9	3	709	700	1101	1042	US	744	N339��	172	162	158	19	9	IAH	PIT	1117	4	10	0	0
2002	1	10	4	655	700	1053	1042	US	744	N340��	178	162	155	11	-5	IAH	PIT	1117	8	15	0	0
2002	1	11	5	701	700	1045	1042	US	744	N588��	164	162	142	3	1	IAH	PIT	1117	4	18	0	0
2002	1	12	6	655	700	1027	1042	US	744	N525A�	152	162	134	-15	-5	IAH	PIT	1117	5	13	0	0
2002	1	13	7	705	700	1041	1042	US	744	N523A�	156	162	138	-1	5	IAH	PIT	1117	6	12	0	0
2002	1	14	1	655	700	1015	1042	US	744	N337��	140	162	125	-27	-5	IAH	PIT	1117	5	10	0	0
2002	1	15	2	659	700	1047	1042	US	744	N371��	168	162	148	5	-1	IAH	PIT	1117	7	13	0	0
2002	1	16	3	654	700	1025	1042	US	744	N518A�	151	162	136	-17	-6	IAH	PIT	1117	6	9	0	0
2002	1	17	4	656	700	1031	1042	US	744	N589��	155	162	132	-11	-4	IAH	PIT	1117	6	17	0	0
2002	1	18	5	706	700	1041	1042	US	744	N351��	155	162	138	-1	6	IAH	PIT	1117	5	12	0	0
2002	1	19	6	658	700	1017	1042	US	744	N338��	139	162	118	-25	-2	IAH	PIT	1117	11	10	0	0
2002	1	20	7	653	700	1019	1042	US	744	N577��	146	162	128	-23	-7	IAH	PIT	1117	8	10	0	0
2002	1	21	1	655	700	1034	1042	US	744	N373��	159	162	142	-8	-5	IAH	PIT	1117	6	11	0	0
2002	1	22	2	653	700	1026	1042	US	744	N577��	153	162	131	-16	-7	IAH	PIT	1117	6	16	0	0
2002	1	23	3	656	700	1034	1042	US	744	N527A�	158	162	132	-8	-4	IAH	PIT	1117	6	20	0	0
2002	1	24	4	655	700	1017	1042	US	744	N393��	142	162	130	-25	-5	IAH	PIT	1117	4	8	0	0
2002	1	25	5	656	700	1049	1042	US	744	N576��	173	162	147	7	-4	IAH	PIT	1117	7	19	0	0
2002	1	26	6	655	700	1029	1042	US	744	N574��	154	162	140	-13	-5	IAH	PIT	1117	5	9	0	0
2002	1	27	7	654	700	1047	1042	US	744	N338��	173	162	157	5	-6	IAH	PIT	1117	6	10	0	0
2002	1	28	1	700	700	1055	1042	US	744	N508A�	175	162	153	13	0	IAH	PIT	1117	7	15	0	0
2002	1	29	2	651	700	1032	1042	US	744	N335��	161	162	143	-10	-9	IAH	PIT	1117	5	13	0	0
2002	1	30	3	701	700	1103	1042	US	744	N586��	182	162	166	21	1	IAH	PIT	1117	5	11	0	0
2002	1	31	4	702	700	1033	1042	US	744	N529A�	151	162	140	-9	2	IAH	PIT	1117	3	8	0	0
2002	1	1	2	1131	1130	1254	1311	US	744	N591��	83	101	67	-17	1	PIT	BOS	496	5	11	0	0
2002	1	2	3	1141	1130	1311	1311	US	744	N389��	90	101	69	0	11	PIT	BOS	496	8	13	0	0
2002	1	3	4	1129	1130	1255	1311	US	744	N575��	86	101	72	-16	-1	PIT	BOS	496	4	10	0	0
2002	1	4	5	1323	1130	1501	1311	US	744	N393��	98	101	74	110	113	PIT	BOS	496	8	16	0	0
2002	1	5	6	1141	1130	1303	1311	US	744	N514A�	82	101	63	-8	11	PIT	BOS	496	9	10	0	0
2002	1	6	7	1147	1130	1347	1307	US	744	N356��	120	97	66	40	17	PIT	BOS	496	11	43	0	0
2002	1	7	1	1153	1130	1343	1307	US	744	N514A�	110	97	78	36	23	PIT	BOS	496	6	26	0	0
2002	1	8	2	1129	1130	1259	1307	US	744	N520A�	90	97	70	-8	-1	PIT	BOS	496	7	13	0	0
2002	1	9	3	NULL	1130	NULL	1307	US	744	�NKNO�	NULL	97	NULL	NULL	NULL	PIT	BOS	496	0	0	1	0
2002	1	10	4	1129	1130	1256	1307	US	744	N340��	87	97	67	-11	-1	PIT	BOS	496	6	14	0	0
2002	1	11	5	1128	1130	1250	1307	US	744	N588��	82	97	68	-17	-2	PIT	BOS	496	4	10	0	0
2002	1	12	6	1124	1130	1248	1307	US	744	N525A�	84	97	69	-19	-6	PIT	BOS	496	5	10	0	0
2002	1	13	7	1129	1130	1338	1307	US	744	N523A�	129	97	111	31	-1	PIT	BOS	496	7	11	0	0
2002	1	14	1	1130	1130	1257	1307	US	744	N337��	87	97	66	-10	0	PIT	BOS	496	5	16	0	0
2002	1	15	2	1126	1130	1257	1307	US	744	N371��	91	97	65	-10	-4	PIT	BOS	496	15	11	0	0
2002	1	16	3	1131	1130	1257	1307	US	744	N518A�	86	97	68	-10	1	PIT	BOS	496	7	11	0	0
2002	1	17	4	1124	1130	1246	1307	US	744	N589��	82	97	69	-21	-6	PIT	BOS	496	4	9	0	0
2002	1	18	5	1143	1130	1309	1307	US	744	N351��	86	97	68	2	13	PIT	BOS	496	5	13	0	0
2002	1	19	6	1128	1130	1246	1307	US	744	N338��	78	97	58	-21	-2	PIT	BOS	496	5	15	0	0
2002	1	20	7	1127	1130	1246	1307	US	744	N577��	79	97	65	-21	-3	PIT	BOS	496	5	9	0	0
2002	1	21	1	1125	1130	1242	1307	US	744	N373��	77	97	62	-25	-5	PIT	BOS	496	6	9	0	0
2002	1	22	2	1124	1130	1252	1307	US	744	N577��	88	97	65	-15	-6	PIT	BOS	496	10	13	0	0
2002	1	23	3	1130	1130	1303	1307	US	744	N527A�	93	97	73	-4	0	PIT	BOS	496	6	14	0	0
2002	1	24	4	1125	1130	1249	1307	US	744	N393��	84	97	68	-18	-5	PIT	BOS	496	8	8	0	0
2002	1	25	5	1129	1130	1251	1307	US	744	N576��	82	97	66	-16	-1	PIT	BOS	496	5	11	0	0
2002	1	26	6	1124	1130	1243	1307	US	744	N574��	79	97	62	-24	-6	PIT	BOS	496	5	12	0	0
2002	1	27	7	1126	1130	1250	1307	US	744	N338��	84	97	69	-17	-4	PIT	BOS	496	7	8	0	0
2002	1	28	1	1145	1130	1310	1307	US	744	N508A�	85	97	65	3	15	PIT	BOS	496	6	14	0	0
2002	1	29	2	1123	1130	1242	1307	US	744	N335��	79	97	62	-25	-7	PIT	BOS	496	5	12	0	0
2002	1	30	3	1132	1130	1308	1307	US	744	N586��	96	97	71	1	2	PIT	BOS	496	7	18	0	0
2002	1	31	4	1126	1130	1251	1307	US	744	N529A�	85	97	68	-16	-4	PIT	BOS	496	7	10	0	0
2002	1	1	2	1839	1845	1940	1948	US	745	N700��	61	63	44	-8	-6	SAV	CLT	213	4	13	0	0
2002	1	2	3	1834	1845	1940	1948	US	745	N729��	66	63	39	-8	-11	SAV	CLT	213	13	14	0	0
2002	1	3	4	1844	1845	1955	1948	US	745	N726��	71	63	46	7	-1	SAV	CLT	213	15	10	0	0
2002	1	4	5	1834	1845	1934	1948	US	745	N718��	60	63	42	-14	-11	SAV	CLT	213	5	13	0	0
2002	1	5	6	1834	1845	1930	1948	US	745	N722��	56	63	38	-18	-11	SAV	CLT	213	8	10	0	0
2002	1	6	7	915	915	1037	1049	US	749	N505A�	82	94	63	-12	0	CLT	CLE	430	7	12	0	0
2002	1	7	1	915	915	1044	1049	US	749	N590��	89	94	73	-5	0	CLT	CLE	430	6	10	0	0
2002	1	8	2	914	915	1047	1049	US	749	N528A�	93	94	77	-2	-1	CLT	CLE	430	6	10	0	0
2002	1	9	3	921	915	1058	1049	US	749	N340��	97	94	78	9	6	CLT	CLE	430	5	14	0	0
2002	1	10	4	908	915	1041	1049	US	749	N521A�	93	94	77	-8	-7	CLT	CLE	430	4	12	0	0
2002	1	11	5	912	915	1043	1049	US	749	N519A�	91	94	74	-6	-3	CLT	CLE	430	5	12	0	0
2002	1	12	6	904	915	1033	1049	US	749	N532A�	89	94	68	-16	-11	CLT	CLE	430	6	15	0	0
2002	1	13	7	1005	915	1133	1049	US	749	N352��	88	94	70	44	50	CLT	CLE	430	5	13	0	0
2002	1	14	1	910	915	1033	1049	US	749	N526A�	83	94	69	-16	-5	CLT	CLE	430	6	8	0	0
2002	1	15	2	927	915	1105	1049	US	749	N584��	98	94	69	16	12	CLT	CLE	430	6	23	0	0
2002	1	16	3	912	915	1047	1049	US	749	N373��	95	94	75	-2	-3	CLT	CLE	430	7	13	0	0
2002	1	17	4	912	915	1042	1049	US	749	N591��	90	94	75	-7	-3	CLT	CLE	430	5	10	0	0
2002	1	18	5	915	915	1046	1049	US	749	N354��	91	94	74	-3	0	CLT	CLE	430	6	11	0	0
2002	1	19	6	915	915	1034	1049	US	749	N334��	79	94	63	-15	0	CLT	CLE	430	6	10	0	0
2002	1	20	7	924	915	1052	1049	US	749	N387��	88	94	68	3	9	CLT	CLE	430	4	16	0	0
2002	1	21	1	913	915	1047	1049	US	749	N515A�	94	94	77	-2	-2	CLT	CLE	430	5	12	0	0
2002	1	22	2	912	915	1040	1049	US	749	N371��	88	94	72	-9	-3	CLT	CLE	430	6	10	0	0
2002	1	23	3	915	915	1042	1049	US	749	N505A�	87	94	71	-7	0	CLT	CLE	430	6	10	0	0
2002	1	24	4	913	915	1044	1049	US	749	N374��	91	94	76	-5	-2	CLT	CLE	430	5	10	0	0
2002	1	25	5	910	915	1038	1049	US	749	N563��	88	94	69	-11	-5	CLT	CLE	430	4	15	0	0
2002	1	26	6	911	915	1035	1049	US	749	N575��	84	94	66	-14	-4	CLT	CLE	430	6	12	0	0
2002	1	27	7	910	915	1031	1049	US	749	N532A�	81	94	68	-18	-5	CLT	CLE	430	3	10	0	0
2002	1	28	1	911	915	1042	1049	US	749	N337��	91	94	77	-7	-4	CLT	CLE	430	6	8	0	0
2002	1	29	2	910	915	1043	1049	US	749	N393��	93	94	75	-6	-5	CLT	CLE	430	6	12	0	0
2002	1	30	3	913	915	1036	1049	US	749	N383��	83	94	70	-13	-2	CLT	CLE	430	4	9	0	0
2002	1	31	4	911	915	1035	1049	US	749	N587��	84	94	70	-14	-4	CLT	CLE	430	4	10	0	0
2002	1	1	2	2025	2032	2125	2133	US	750	N524A�	60	61	38	-8	-7	BWI	PIT	210	9	13	0	0
2002	1	2	3	2027	2032	2120	2133	US	750	N517A�	53	61	37	-13	-5	BWI	PIT	210	8	8	0	0
2002	1	3	4	2025	2032	2122	2133	US	750	N520A�	57	61	37	-11	-7	BWI	PIT	210	7	13	0	0
2002	1	4	5	2030	2032	2123	2133	US	750	N340��	53	61	39	-10	-2	BWI	PIT	210	6	8	0	0
2002	1	5	6	2027	2032	2125	2133	US	750	N389��	58	61	38	-8	-5	BWI	PIT	210	7	13	0	0
2002	1	6	7	2059	2032	2158	2131	US	750	N527A�	59	59	39	27	27	DCA	PIT	205	8	12	0	0
2002	1	7	1	2023	2032	2130	2131	US	750	N512A�	67	59	42	-1	-9	DCA	PIT	205	11	14	0	0
2002	1	8	2	2030	2032	2118	2131	US	750	N334��	48	59	34	-13	-2	DCA	PIT	205	11	3	0	0
2002	1	9	3	2027	2032	2128	2131	US	750	N528A�	61	59	44	-3	-5	DCA	PIT	205	7	10	0	0
2002	1	10	4	2026	2032	2119	2131	US	750	N385��	53	59	38	-12	-6	DCA	PIT	205	8	7	0	0
2002	1	11	5	2024	2032	2130	2131	US	750	N524A�	66	59	40	-1	-8	DCA	PIT	205	9	17	0	0
2002	1	12	6	2024	2032	2140	2131	US	750	N521A�	76	59	39	9	-8	DCA	PIT	205	7	30	0	0
2002	1	13	7	2031	2032	2128	2131	US	750	N519A�	57	59	42	-3	-1	DCA	PIT	205	7	8	0	0
2002	1	14	1	2023	2032	2116	2131	US	750	N525A�	53	59	40	-15	-9	DCA	PIT	205	6	7	0	0
2002	1	15	2	2029	2032	2126	2131	US	750	N526A�	57	59	40	-5	-3	DCA	PIT	205	7	10	0	0
2002	1	16	3	2026	2032	2124	2131	US	750	N350��	58	59	41	-7	-6	DCA	PIT	205	6	11	0	0
2002	1	17	4	2030	2032	2124	2131	US	750	N584��	54	59	39	-7	-2	DCA	PIT	205	6	9	0	0
2002	1	18	5	2049	2032	2149	2131	US	750	N346��	60	59	39	18	17	DCA	PIT	205	5	16	0	0
2002	1	19	6	2031	2032	2141	2131	US	750	N591��	70	59	52	10	-1	DCA	PIT	205	7	11	0	0
2002	1	20	7	2042	2032	2145	2131	US	750	N511A�	63	59	38	14	10	DCA	PIT	205	11	14	0	0
2002	1	21	1	2045	2032	2143	2131	US	750	N351��	58	59	39	12	13	DCA	PIT	205	7	12	0	0
2002	1	22	2	2042	2032	2141	2131	US	750	N387��	59	59	43	10	10	DCA	PIT	205	8	8	0	0
2002	1	23	3	2026	2032	2126	2131	US	750	N520A�	60	59	41	-5	-6	DCA	PIT	205	6	13	0	0
2002	1	24	4	2041	2032	2141	2131	US	750	N508A�	60	59	40	10	9	DCA	PIT	205	8	12	0	0
2002	1	25	5	2102	2032	2157	2131	US	750	N514A�	55	59	38	26	30	DCA	PIT	205	7	10	0	0
2002	1	26	6	2028	2032	2123	2131	US	750	N387��	55	59	40	-8	-4	DCA	PIT	205	7	8	0	0
2002	1	27	7	2027	2032	2129	2131	US	750	N521A�	62	59	37	-2	-5	DCA	PIT	205	11	14	0	0
2002	1	28	1	2025	2032	2119	2131	US	750	N531A�	54	59	38	-12	-7	DCA	PIT	205	6	10	0	0
2002	1	29	2	2026	2032	2127	2131	US	750	N339��	61	59	40	-4	-6	DCA	PIT	205	7	14	0	0
2002	1	30	3	2043	2032	2143	2131	US	750	N354��	60	59	38	12	11	DCA	PIT	205	10	12	0	0
2002	1	31	4	2053	2032	2147	2131	US	750	N588��	54	59	36	16	21	DCA	PIT	205	7	11	0	0
2002	1	1	2	1730	1735	1943	1952	US	750	N524A�	133	137	113	-9	-5	PBI	BWI	883	6	14	0	0
2002	1	2	3	1742	1735	1948	1952	US	750	N517A�	126	137	110	-4	7	PBI	BWI	883	5	11	0	0
2002	1	3	4	1737	1735	1940	1952	US	750	N520A�	123	137	108	-12	2	PBI	BWI	883	5	10	0	0
2002	1	4	5	1730	1735	1954	1952	US	750	N340��	144	137	129	2	-5	PBI	BWI	883	5	10	0	0
2002	1	5	6	1739	1735	1956	1952	US	750	N389��	137	137	115	4	4	PBI	BWI	883	5	17	0	0
2002	1	6	7	1822	1735	2020	1949	US	750	N527A�	118	134	101	31	47	PBI	DCA	857	3	14	0	0
2002	1	7	1	1743	1735	1947	1949	US	750	N512A�	124	134	107	-2	8	PBI	DCA	857	4	13	0	0
2002	1	8	2	1726	1735	1945	1949	US	750	N334��	139	134	117	-4	-9	PBI	DCA	857	5	17	0	0
2002	1	9	3	1731	1735	1956	1949	US	750	N528A�	145	134	131	7	-4	PBI	DCA	857	4	10	0	0
2002	1	10	4	1729	1735	1942	1949	US	750	N385��	133	134	116	-7	-6	PBI	DCA	857	4	13	0	0
2002	1	11	5	1742	1735	1949	1949	US	750	N524A�	127	134	111	0	7	PBI	DCA	857	4	12	0	0
2002	1	12	6	1742	1735	1951	1949	US	750	N521A�	129	134	114	2	7	PBI	DCA	857	4	11	0	0
2002	1	13	7	1740	1735	1948	1949	US	750	N519A�	128	134	113	-1	5	PBI	DCA	857	3	12	0	0
2002	1	14	1	1733	1735	1938	1949	US	750	N525A�	125	134	109	-11	-2	PBI	DCA	857	5	11	0	0
2002	1	15	2	1739	1735	1946	1949	US	750	N526A�	127	134	110	-3	4	PBI	DCA	857	3	14	0	0
2002	1	16	3	1731	1735	1945	1949	US	750	N350��	134	134	121	-4	-4	PBI	DCA	857	5	8	0	0
2002	1	17	4	1736	1735	1950	1949	US	750	N584��	134	134	117	1	1	PBI	DCA	857	3	14	0	0
2002	1	18	5	1755	1735	2012	1949	US	750	N346��	137	134	123	23	20	PBI	DCA	857	4	10	0	0
2002	1	19	6	1804	1735	2006	1949	US	750	N591��	122	134	109	17	29	PBI	DCA	857	3	10	0	0
2002	1	20	7	1753	1735	2007	1949	US	750	N511A�	134	134	114	18	18	PBI	DCA	857	5	15	0	0
2002	1	21	1	1807	1735	2013	1949	US	750	N351��	126	134	110	24	32	PBI	DCA	857	3	13	0	0
2002	1	22	2	1743	1735	2013	1949	US	750	N387��	150	134	122	24	8	PBI	DCA	857	5	23	0	0
2002	1	23	3	1725	1735	1944	1949	US	750	N520A�	139	134	120	-5	-10	PBI	DCA	857	4	15	0	0
2002	1	24	4	1758	1735	2013	1949	US	750	N508A�	135	134	120	24	23	PBI	DCA	857	3	12	0	0
2002	1	25	5	1820	1735	2033	1949	US	750	N514A�	133	134	115	44	45	PBI	DCA	857	3	15	0	0
2002	1	26	6	1731	1735	1944	1949	US	750	N387��	133	134	120	-5	-4	PBI	DCA	857	4	9	0	0
2002	1	27	7	1733	1735	1953	1949	US	750	N521A�	140	134	123	4	-2	PBI	DCA	857	6	11	0	0
2002	1	28	1	1738	1735	1952	1949	US	750	N531A�	134	134	121	3	3	PBI	DCA	857	4	9	0	0
2002	1	29	2	1729	1735	1952	1949	US	750	N339��	143	134	123	3	-6	PBI	DCA	857	9	11	0	0
2002	1	30	3	1802	1735	2013	1949	US	750	N354��	131	134	116	24	27	PBI	DCA	857	3	12	0	0
2002	1	31	4	1752	1735	2010	1949	US	750	N588��	138	134	115	21	17	PBI	DCA	857	2	21	0	0
2002	1	1	2	1557	1600	1648	1703	US	751	N746��	51	63	39	-15	-3	DCA	PHL	119	3	9	0	0
2002	1	2	3	1601	1600	1647	1703	US	751	N715��	46	63	33	-16	1	DCA	PHL	119	4	9	0	0
2002	1	3	4	1704	1600	1740	1703	US	751	N747��	36	63	30	37	64	DCA	PHL	119	4	2	0	0
2002	1	4	5	1555	1600	1648	1703	US	751	N742��	53	63	33	-15	-5	DCA	PHL	119	9	11	0	0
2002	1	5	6	1635	1600	1719	1703	US	751	N748��	44	63	27	16	35	DCA	PHL	119	6	11	0	0
2002	1	6	7	1601	1600	1701	1656	US	751	N765��	60	56	41	5	1	DCA	PHL	119	5	14	0	0
2002	1	7	1	1618	1600	1717	1656	US	751	N721��	59	56	35	21	18	DCA	PHL	119	7	17	0	0
2002	1	8	2	1553	1600	1641	1656	US	751	N728��	48	56	31	-15	-7	DCA	PHL	119	5	12	0	0
2002	1	9	3	1553	1600	1651	1656	US	751	N722��	58	56	39	-5	-7	DCA	PHL	119	11	8	0	0
2002	1	10	4	1556	1600	1645	1656	US	751	N738��	49	56	35	-11	-4	DCA	PHL	119	5	9	0	0
2002	1	11	5	1602	1600	1658	1656	US	751	N745��	56	56	39	2	2	DCA	PHL	119	5	12	0	0
2002	1	12	6	1554	1600	1644	1656	US	751	N720��	50	56	36	-12	-6	DCA	PHL	119	5	9	0	0
2002	1	13	7	1553	1600	1649	1656	US	751	N767��	56	56	41	-7	-7	DCA	PHL	119	5	10	0	0
2002	1	14	1	1559	1600	1646	1656	US	751	N725��	47	56	29	-10	-1	DCA	PHL	119	9	9	0	0
2002	1	15	2	1556	1600	1653	1656	US	751	N769��	57	56	40	-3	-4	DCA	PHL	119	6	11	0	0
2002	1	16	3	1553	1600	1640	1656	US	751	N721��	47	56	32	-16	-7	DCA	PHL	119	5	10	0	0
2002	1	17	4	1556	1600	1650	1656	US	751	N738��	54	56	37	-6	-4	DCA	PHL	119	6	11	0	0
2002	1	18	5	1605	1600	1700	1656	US	751	N741��	55	56	36	4	5	DCA	PHL	119	8	11	0	0
2002	1	19	6	1620	1600	1735	1656	US	751	N717��	75	56	59	39	20	DCA	PHL	119	5	11	0	0
2002	1	20	7	1555	1600	1708	1656	US	751	N736��	73	56	42	12	-5	DCA	PHL	119	10	21	0	0
2002	1	21	1	1551	1600	1706	1656	US	751	N769��	75	56	33	10	-9	DCA	PHL	119	5	37	0	0
2002	1	22	2	1554	1600	1701	1656	US	751	N725��	67	56	39	5	-6	DCA	PHL	119	6	22	0	0
2002	1	23	3	1640	1600	1801	1656	US	751	N718��	81	56	51	65	40	DCA	PHL	119	6	24	0	0
2002	1	24	4	1701	1600	1753	1656	US	751	N729��	52	56	35	57	61	DCA	PHL	119	5	12	0	0
2002	1	25	5	1555	1600	1652	1656	US	751	N706��	57	56	40	-4	-5	DCA	PHL	119	7	10	0	0
2002	1	26	6	1554	1600	1700	1656	US	751	N766��	66	56	46	4	-6	DCA	PHL	119	10	10	0	0
2002	1	27	7	1553	1600	1642	1656	US	751	N707��	49	56	32	-14	-7	DCA	PHL	119	9	8	0	0
2002	1	28	1	1551	1600	1646	1656	US	751	N723��	55	56	40	-10	-9	DCA	PHL	119	5	10	0	0
2002	1	29	2	1601	1600	1650	1656	US	751	N762��	49	56	35	-6	1	DCA	PHL	119	5	9	0	0
2002	1	30	3	1556	1600	1653	1656	US	751	N737��	57	56	35	-3	-4	DCA	PHL	119	5	17	0	0
2002	1	31	4	1616	1600	1749	1656	US	751	N733��	93	56	40	53	16	DCA	PHL	119	6	47	0	0
2002	1	1	2	1805	1805	2032	2108	US	751	N743��	327	363	300	-36	0	PHL	SEA	2378	3	24	0	0
2002	1	2	3	1757	1805	2035	2108	US	751	N715��	338	363	301	-33	-8	PHL	SEA	2378	4	33	0	0
2002	1	3	4	1838	1805	2107	2108	US	751	N747��	329	363	310	-1	33	PHL	SEA	2378	3	16	0	0
2002	1	4	5	1854	1805	2145	2108	US	751	N742��	351	363	327	37	49	PHL	SEA	2378	3	21	0	0
2002	1	5	6	1815	1805	2127	2108	US	751	N748��	372	363	329	19	10	PHL	SEA	2378	3	40	0	0
2002	1	6	7	1818	1805	2125	2117	US	751	N758��	367	372	322	8	13	PHL	SEA	2378	5	40	0	0
2002	1	7	1	1835	1805	2206	2117	US	751	N721��	391	372	343	49	30	PHL	SEA	2378	4	44	0	0
2002	1	8	2	1801	1805	2149	2117	US	751	N728��	408	372	353	32	-4	PHL	SEA	2378	4	51	0	0
2002	1	9	3	1807	1805	2110	2117	US	751	N722��	363	372	329	-7	2	PHL	SEA	2378	4	30	0	0
2002	1	10	4	1803	1805	2111	2117	US	751	N738��	368	372	324	-6	-2	PHL	SEA	2378	5	39	0	0
2002	1	11	5	1759	1805	2106	2117	US	751	N745��	367	372	335	-11	-6	PHL	SEA	2378	5	27	0	0
2002	1	12	6	1803	1805	2050	2117	US	751	N720��	347	372	322	-27	-2	PHL	SEA	2378	4	21	0	0
2002	1	13	7	1801	1805	2106	2117	US	751	N767��	365	372	329	-11	-4	PHL	SEA	2378	8	28	0	0
2002	1	14	1	1803	1805	2106	2117	US	751	N725��	363	372	316	-11	-2	PHL	SEA	2378	8	39	0	0
2002	1	15	2	1839	1805	2135	2117	US	751	N769��	356	372	326	18	34	PHL	SEA	2378	4	26	0	0
2002	1	16	3	1800	1805	2124	2117	US	751	N721��	384	372	338	7	-5	PHL	SEA	2378	9	37	0	0
2002	1	17	4	1800	1805	2137	2117	US	751	N738��	397	372	328	20	-5	PHL	SEA	2378	5	64	0	0
2002	1	18	5	1802	1805	2129	2117	US	751	N741��	387	372	344	12	-3	PHL	SEA	2378	4	39	0	0
2002	1	19	6	1839	1805	2301	2117	US	751	N717��	442	372	330	104	34	PHL	SEA	2378	5	107	0	0
2002	1	20	7	1809	1805	2122	2117	US	751	N736��	373	372	339	5	4	PHL	SEA	2378	4	30	0	0
2002	1	21	1	1802	1805	2057	2117	US	751	N769��	355	372	332	-20	-3	PHL	SEA	2378	4	19	0	0
2002	1	22	2	1759	1805	2123	2117	US	751	N725��	384	372	327	6	-6	PHL	SEA	2378	5	52	0	0
2002	1	23	3	1842	1805	2202	2117	US	751	N718��	380	372	365	45	37	PHL	SEA	2378	4	11	0	0
2002	1	24	4	1826	1805	2200	2117	US	751	N729��	394	372	362	43	21	PHL	SEA	2378	4	28	0	0
2002	1	25	5	1801	1805	2156	2117	US	751	N706��	415	372	367	39	-4	PHL	SEA	2378	6	42	0	0
2002	1	26	6	1804	1805	2135	2117	US	751	N766��	391	372	354	18	-1	PHL	SEA	2378	4	33	0	0
2002	1	27	7	1859	1805	2211	2117	US	751	N707��	372	372	340	54	54	PHL	SEA	2378	7	25	0	0
2002	1	28	1	1800	1805	2141	2117	US	751	N723��	401	372	348	24	-5	PHL	SEA	2378	8	45	0	0
2002	1	29	2	1758	1805	2135	2117	US	751	N762��	397	372	349	18	-7	PHL	SEA	2378	5	43	0	0
2002	1	30	3	1815	1805	2130	2117	US	751	N737��	375	372	338	13	10	PHL	SEA	2378	5	32	0	0
2002	1	31	4	1828	1805	2111	2117	US	751	N733��	343	372	320	-6	23	PHL	SEA	2378	4	19	0	0
2002	1	6	7	1526	1515	1702	1702	US	752	N560A�	96	107	78	0	11	CLT	DTW	500	6	12	0	0
2002	1	7	1	1520	1515	1710	1702	US	752	N393��	110	107	85	8	5	CLT	DTW	500	5	20	0	0
2002	1	8	2	1515	1515	1654	1702	US	752	N558A�	99	107	80	-8	0	CLT	DTW	500	3	16	0	0
2002	1	9	3	1511	1515	1700	1702	US	752	N587��	109	107	89	-2	-4	CLT	DTW	500	6	14	0	0
2002	1	10	4	1512	1515	1646	1702	US	752	N525A�	94	107	78	-16	-3	CLT	DTW	500	4	12	0	0
2002	1	11	5	1515	1515	1701	1702	US	752	N353��	106	107	79	-1	0	CLT	DTW	500	7	20	0	0
2002	1	12	6	1512	1515	1647	1702	US	752	N562A�	95	107	78	-15	-3	CLT	DTW	500	5	12	0	0
2002	1	13	7	1509	1515	1702	1702	US	752	N395��	113	107	83	0	-6	CLT	DTW	500	7	23	0	0
2002	1	14	1	1510	1515	1647	1702	US	752	N508A�	97	107	73	-15	-5	CLT	DTW	500	9	15	0	0
2002	1	15	2	1511	1515	1710	1702	US	752	N529A�	119	107	87	8	-4	CLT	DTW	500	7	25	0	0
2002	1	16	3	1506	1515	1653	1702	US	752	N506A�	107	107	81	-9	-9	CLT	DTW	500	13	13	0	0
2002	1	17	4	1509	1515	1652	1702	US	752	N374��	103	107	86	-10	-6	CLT	DTW	500	5	12	0	0
2002	1	18	5	1511	1515	1650	1702	US	752	N375��	99	107	81	-12	-4	CLT	DTW	500	8	10	0	0
2002	1	19	6	1542	1515	1712	1702	US	752	N558A�	90	107	73	10	27	CLT	DTW	500	6	11	0	0
2002	1	20	7	1513	1515	1651	1702	US	752	N588��	98	107	78	-11	-2	CLT	DTW	500	4	16	0	0
2002	1	21	1	1514	1515	1713	1702	US	752	N506A�	119	107	83	11	-1	CLT	DTW	500	19	17	0	0
2002	1	22	2	1521	1515	1715	1702	US	752	N396��	114	107	92	13	6	CLT	DTW	500	8	14	0	0
2002	1	23	3	1510	1515	1649	1702	US	752	N528A�	99	107	82	-13	-5	CLT	DTW	500	6	11	0	0
2002	1	24	4	1514	1515	1700	1702	US	752	N532A�	106	107	81	-2	-1	CLT	DTW	500	7	18	0	0
2002	1	25	5	1517	1515	1653	1702	US	752	N584��	96	107	78	-9	2	CLT	DTW	500	5	13	0	0
2002	1	26	6	1511	1515	1647	1702	US	752	N532A�	96	107	81	-15	-4	CLT	DTW	500	3	12	0	0
2002	1	27	7	1509	1515	1708	1702	US	752	N396��	119	107	81	6	-6	CLT	DTW	500	9	29	0	0
2002	1	28	1	1512	1515	1658	1702	US	752	N355��	106	107	86	-4	-3	CLT	DTW	500	4	16	0	0
2002	1	29	2	1512	1515	1702	1702	US	752	N373��	110	107	86	0	-3	CLT	DTW	500	8	16	0	0
2002	1	30	3	1540	1515	1718	1702	US	752	N397��	98	107	79	16	25	CLT	DTW	500	7	12	0	0
2002	1	31	4	1511	1515	1640	1702	US	752	N506A�	89	107	73	-22	-4	CLT	DTW	500	6	10	0	0
2002	1	6	7	1302	1300	1413	1359	US	752	N560A�	71	59	41	14	2	SAV	CLT	213	6	24	0	0
2002	1	7	1	1254	1300	1353	1359	US	752	N393��	59	59	40	-6	-6	SAV	CLT	213	6	13	0	0
2002	1	8	2	1253	1300	1357	1359	US	752	N558A�	64	59	43	-2	-7	SAV	CLT	213	8	13	0	0
2002	1	9	3	1252	1300	1359	1359	US	752	N587��	67	59	47	0	-8	SAV	CLT	213	4	16	0	0
2002	1	10	4	1254	1300	1355	1359	US	752	N525A�	61	59	44	-4	-6	SAV	CLT	213	7	10	0	0
2002	1	11	5	1300	1300	1401	1359	US	752	N353��	61	59	43	2	0	SAV	CLT	213	7	11	0	0
2002	1	12	6	1253	1300	1352	1359	US	752	N562A�	59	59	41	-7	-7	SAV	CLT	213	8	10	0	0
2002	1	13	7	1252	1300	1352	1359	US	752	N395��	60	59	43	-7	-8	SAV	CLT	213	5	12	0	0
2002	1	14	1	1253	1300	1354	1359	US	752	N508A�	61	59	44	-5	-7	SAV	CLT	213	6	11	0	0
2002	1	15	2	1252	1300	1359	1359	US	752	N529A�	67	59	38	0	-8	SAV	CLT	213	18	11	0	0
2002	1	16	3	1253	1300	1354	1359	US	752	N506A�	61	59	39	-5	-7	SAV	CLT	213	10	12	0	0
2002	1	17	4	1251	1300	1355	1359	US	752	N374��	64	59	40	-4	-9	SAV	CLT	213	11	13	0	0
2002	1	18	5	1251	1300	1344	1359	US	752	N375��	53	59	40	-15	-9	SAV	CLT	213	2	11	0	0
2002	1	19	6	1253	1300	1353	1359	US	752	N558A�	60	59	42	-6	-7	SAV	CLT	213	4	14	0	0
2002	1	20	7	1257	1300	1358	1359	US	752	N588��	61	59	41	-1	-3	SAV	CLT	213	4	16	0	0
2002	1	21	1	1309	1300	1413	1359	US	752	N506A�	64	59	46	14	9	SAV	CLT	213	8	10	0	0
2002	1	22	2	1255	1300	1347	1359	US	752	N396��	52	59	44	-12	-5	SAV	CLT	213	3	5	0	0
2002	1	23	3	1251	1300	1352	1359	US	752	N528A�	61	59	43	-7	-9	SAV	CLT	213	8	10	0	0
2002	1	24	4	1251	1300	1358	1359	US	752	N532A�	67	59	43	-1	-9	SAV	CLT	213	13	11	0	0
2002	1	25	5	1256	1300	1353	1359	US	752	N584��	57	59	40	-6	-4	SAV	CLT	213	5	12	0	0
2002	1	26	6	1250	1300	1347	1359	US	752	N532A�	57	59	41	-12	-10	SAV	CLT	213	6	10	0	0
2002	1	27	7	1255	1300	1350	1359	US	752	N396��	55	59	41	-9	-5	SAV	CLT	213	4	10	0	0
2002	1	28	1	1250	1300	1350	1359	US	752	N355��	60	59	39	-9	-10	SAV	CLT	213	10	11	0	0
2002	1	29	2	1251	1300	1351	1359	US	752	N373��	60	59	43	-8	-9	SAV	CLT	213	4	13	0	0
2002	1	30	3	1253	1300	1349	1359	US	752	N397��	56	59	38	-10	-7	SAV	CLT	213	8	10	0	0
2002	1	31	4	1253	1300	1408	1359	US	752	N506A�	75	59	41	9	-7	SAV	CLT	213	17	17	0	0
2002	1	1	2	2004	2010	2139	2130	US	753	N587��	95	80	63	9	-6	BWI	CLT	361	23	9	0	0
2002	1	2	3	2009	2010	2143	2130	US	753	N577��	94	80	73	13	-1	BWI	CLT	361	11	10	0	0
2002	1	3	4	2010	2010	2136	2130	US	753	N514A�	86	80	68	6	0	BWI	CLT	361	5	13	0	0
2002	1	4	5	2008	2010	2125	2130	US	753	N383��	77	80	61	-5	-2	BWI	CLT	361	5	11	0	0
2002	1	6	7	2050	2010	2207	2132	US	753	N783A�	77	82	64	35	40	BWI	CLT	361	3	10	0	0
2002	1	7	1	2030	2010	2142	2132	US	753	N418��	72	82	58	10	20	BWI	CLT	361	3	11	0	0
2002	1	8	2	2004	2010	2120	2132	US	753	N785A�	76	82	56	-12	-6	BWI	CLT	361	9	11	0	0
2002	1	9	3	1958	2010	2117	2132	US	753	N427��	79	82	58	-15	-12	BWI	CLT	361	9	12	0	0
2002	1	10	4	2002	2010	2121	2132	US	753	N439��	79	82	62	-11	-8	BWI	CLT	361	6	11	0	0
2002	1	11	5	1959	2010	2122	2132	US	753	N407��	83	82	61	-10	-11	BWI	CLT	361	8	14	0	0
2002	1	13	7	2005	2010	2123	2132	US	753	N438��	78	82	59	-9	-5	BWI	CLT	361	10	9	0	0
2002	1	14	1	2010	2010	2134	2132	US	753	N418��	84	82	68	2	0	BWI	CLT	361	4	12	0	0
2002	1	15	2	2004	2010	2145	2132	US	753	N433��	101	82	84	13	-6	BWI	CLT	361	5	12	0	0
2002	1	16	3	2010	2010	2130	2132	US	753	N441��	80	82	64	-2	0	BWI	CLT	361	6	10	0	0
2002	1	17	4	2006	2010	2126	2132	US	753	N436��	80	82	63	-6	-4	BWI	CLT	361	5	12	0	0
2002	1	18	5	2023	2010	2145	2132	US	753	N423��	82	82	65	13	13	BWI	CLT	361	5	12	0	0
2002	1	20	7	2005	2010	2127	2132	US	753	N441��	82	82	62	-5	-5	BWI	CLT	361	10	10	0	0
2002	1	21	1	2004	2010	2123	2132	US	753	N778A�	79	82	63	-9	-6	BWI	CLT	361	5	11	0	0
2002	1	22	2	2005	2010	2135	2132	US	753	N440��	90	82	63	3	-5	BWI	CLT	361	5	22	0	0
2002	1	23	3	2000	2010	2150	2132	US	753	N432��	110	82	82	18	-10	BWI	CLT	361	13	15	0	0
2002	1	24	4	2044	2010	2204	2132	US	753	N421��	80	82	61	32	34	BWI	CLT	361	6	13	0	0
2002	1	25	5	2005	2010	2127	2132	US	753	N449��	82	82	60	-5	-5	BWI	CLT	361	8	14	0	0
2002	1	27	7	2005	2010	2114	2132	US	753	N406��	69	82	55	-18	-5	BWI	CLT	361	5	9	0	0
2002	1	28	1	2007	2010	2125	2132	US	753	N442��	78	82	57	-7	-3	BWI	CLT	361	12	9	0	0
2002	1	29	2	2008	2010	2124	2132	US	753	N412��	76	82	62	-8	-2	BWI	CLT	361	6	8	0	0
2002	1	30	3	2008	2010	2125	2132	US	753	N418��	77	82	56	-7	-2	BWI	CLT	361	11	10	0	0
2002	1	31	4	2004	2010	2131	2132	US	753	N434��	87	82	62	-1	-6	BWI	CLT	361	6	19	0	0
2002	1	1	2	2229	2230	2322	2322	US	753	N587��	53	52	35	0	-1	CLT	CHS	168	9	9	0	0
2002	1	2	3	2232	2230	2356	2322	US	753	N577��	84	52	41	34	2	CLT	CHS	168	10	33	0	0
2002	1	3	4	2246	2230	5	2322	US	753	N514A�	79	52	31	43	16	CLT	CHS	168	7	41	0	0
2002	1	4	5	2231	2230	2322	2322	US	753	N383��	51	52	31	0	1	CLT	CHS	168	5	15	0	0
2002	1	1	2	1816	1725	1926	1843	US	755	N559A�	70	78	51	43	51	CLT	ATL	227	6	13	0	0
2002	1	2	3	1727	1725	1842	1843	US	755	N384��	75	78	45	-1	2	CLT	ATL	227	13	17	0	0
2002	1	3	4	1732	1725	1850	1843	US	755	N586��	78	78	39	7	7	CLT	ATL	227	5	34	0	0
2002	1	4	5	1719	1725	1834	1843	US	755	N353��	75	78	42	-9	-6	CLT	ATL	227	7	26	0	0
2002	1	5	6	1724	1725	1832	1843	US	755	N524A�	68	78	42	-11	-1	CLT	ATL	227	6	20	0	0
2002	1	6	7	1740	1705	1901	1823	US	755	N383��	81	78	49	38	35	CLT	ATL	227	5	27	0	0
2002	1	7	1	1705	1705	1822	1823	US	755	N576��	77	78	48	-1	0	CLT	ATL	227	9	20	0	0
2002	1	8	2	1703	1705	1816	1823	US	755	N530A�	73	78	41	-7	-2	CLT	ATL	227	5	27	0	0
2002	1	9	3	1704	1705	1813	1823	US	755	N352��	69	78	41	-10	-1	CLT	ATL	227	7	21	0	0
2002	1	10	4	1703	1705	1817	1823	US	755	N530A�	74	78	44	-6	-2	CLT	ATL	227	10	20	0	0
2002	1	11	5	1700	1705	1812	1823	US	755	N526A�	72	78	44	-11	-5	CLT	ATL	227	8	20	0	0
2002	1	12	6	1701	1705	1830	1823	US	755	N533A�	89	78	51	7	-4	CLT	ATL	227	13	25	0	0
2002	1	13	7	1703	1705	1818	1823	US	755	N520A�	75	78	43	-5	-2	CLT	ATL	227	8	24	0	0
2002	1	14	1	1705	1705	1827	1823	US	755	N517A�	82	78	54	4	0	CLT	ATL	227	12	16	0	0
2002	1	15	2	1701	1705	1817	1823	US	755	N389��	76	78	49	-6	-4	CLT	ATL	227	7	20	0	0
2002	1	16	3	1704	1705	1818	1823	US	755	N592��	74	78	52	-5	-1	CLT	ATL	227	7	15	0	0
2002	1	17	4	1705	1705	1826	1823	US	755	N508A�	81	78	50	3	0	CLT	ATL	227	8	23	0	0
2002	1	18	5	1706	1705	1820	1823	US	755	N385��	74	78	53	-3	1	CLT	ATL	227	7	14	0	0
2002	1	19	6	1701	1705	1829	1823	US	755	N575��	88	78	59	6	-4	CLT	ATL	227	8	21	0	0
2002	1	20	7	1658	1705	1815	1823	US	755	N375��	77	78	49	-8	-7	CLT	ATL	227	8	20	0	0
2002	1	21	1	1715	1705	1830	1823	US	755	N560A�	75	78	48	7	10	CLT	ATL	227	10	17	0	0
2002	1	22	2	1702	1705	1813	1823	US	755	N356��	71	78	52	-10	-3	CLT	ATL	227	5	14	0	0
2002	1	23	3	1729	1705	1838	1823	US	755	N585��	69	78	48	15	24	CLT	ATL	227	8	13	0	0
2002	1	24	4	1727	1705	1858	1823	US	755	N346��	91	78	61	35	22	CLT	ATL	227	5	25	0	0
2002	1	25	5	1701	1705	1826	1823	US	755	N397��	85	78	52	3	-4	CLT	ATL	227	4	29	0	0
2002	1	26	6	1700	1705	1803	1823	US	755	N352��	63	78	41	-20	-5	CLT	ATL	227	6	16	0	0
2002	1	27	7	1705	1705	1813	1823	US	755	N504A�	68	78	45	-10	0	CLT	ATL	227	12	11	0	0
2002	1	28	1	1701	1705	1809	1823	US	755	N507A�	68	78	45	-14	-4	CLT	ATL	227	8	15	0	0
2002	1	29	2	1702	1705	1813	1823	US	755	N512A�	71	78	44	-10	-3	CLT	ATL	227	7	20	0	0
2002	1	30	3	1700	1705	1814	1823	US	755	N336��	74	78	42	-9	-5	CLT	ATL	227	7	25	0	0
2002	1	31	4	1703	1705	1806	1823	US	755	N340��	63	78	42	-17	-2	CLT	ATL	227	7	14	0	0
2002	1	1	2	1430	1430	1611	1608	US	755	N384��	101	98	85	3	0	DTW	CLT	500	6	10	0	0
2002	1	2	3	1434	1430	1614	1608	US	755	N300A�	100	98	86	6	4	DTW	CLT	500	4	10	0	0
2002	1	3	4	1505	1430	1649	1608	US	755	N586��	104	98	83	41	35	DTW	CLT	500	4	17	0	0
2002	1	4	5	1440	1430	1615	1608	US	755	N353��	95	98	77	7	10	DTW	CLT	500	8	10	0	0
2002	1	5	6	1435	1430	1606	1608	US	755	N524A�	91	98	79	-2	5	DTW	CLT	500	4	8	0	0
2002	1	6	7	1449	1430	1626	1606	US	755	N383��	97	96	82	20	19	DTW	CLT	500	6	9	0	0
2002	1	7	1	1428	1430	1608	1606	US	755	N576��	100	96	85	2	-2	DTW	CLT	500	4	11	0	0
2002	1	8	2	1426	1430	1602	1606	US	755	N387��	96	96	82	-4	-4	DTW	CLT	500	4	10	0	0
2002	1	9	3	1432	1430	1553	1606	US	755	N352��	81	96	66	-13	2	DTW	CLT	500	5	10	0	0
2002	1	10	4	1426	1430	1559	1606	US	755	N530A�	93	96	80	-7	-4	DTW	CLT	500	4	9	0	0
2002	1	11	5	1431	1430	1605	1606	US	755	N526A�	94	96	82	-1	1	DTW	CLT	500	4	8	0	0
2002	1	12	6	1426	1430	1606	1606	US	755	N533A�	100	96	79	0	-4	DTW	CLT	500	8	13	0	0
2002	1	13	7	1503	1430	1627	1606	US	755	N520A�	84	96	72	21	33	DTW	CLT	500	2	10	0	0
2002	1	14	1	1422	1430	1609	1606	US	755	N517A�	107	96	83	3	-8	DTW	CLT	500	10	14	0	0
2002	1	15	2	1430	1430	1600	1606	US	755	N389��	90	96	75	-6	0	DTW	CLT	500	4	11	0	0
2002	1	16	3	1424	1430	1555	1606	US	755	N592��	91	96	75	-11	-6	DTW	CLT	500	5	11	0	0
2002	1	17	4	1429	1430	1604	1606	US	755	N508A�	95	96	70	-2	-1	DTW	CLT	500	15	10	0	0
2002	1	18	5	1432	1430	1614	1606	US	755	N385��	102	96	86	8	2	DTW	CLT	500	4	12	0	0
2002	1	19	6	1427	1430	1621	1606	US	755	N575��	114	96	97	15	-3	DTW	CLT	500	6	11	0	0
2002	1	20	7	1433	1430	1606	1606	US	755	N375��	93	96	82	0	3	DTW	CLT	500	3	8	0	0
2002	1	21	1	1433	1430	1610	1606	US	755	N560A�	97	96	76	4	3	DTW	CLT	500	8	13	0	0
2002	1	22	2	1427	1430	1556	1606	US	755	N356��	89	96	73	-10	-3	DTW	CLT	500	5	11	0	0
2002	1	23	3	1427	1430	1604	1606	US	755	N585��	97	96	82	-2	-3	DTW	CLT	500	4	11	0	0
2002	1	24	4	1428	1430	1609	1606	US	755	N346��	101	96	81	3	-2	DTW	CLT	500	10	10	0	0
2002	1	25	5	1434	1430	1607	1606	US	755	N397��	93	96	79	1	4	DTW	CLT	500	4	10	0	0
2002	1	26	6	1424	1430	1550	1606	US	755	N352��	86	96	72	-16	-6	DTW	CLT	500	7	7	0	0
2002	1	27	7	1425	1430	1558	1606	US	755	N504A�	93	96	76	-8	-5	DTW	CLT	500	6	11	0	0
2002	1	28	1	1428	1430	1555	1606	US	755	N507A�	87	96	72	-11	-2	DTW	CLT	500	4	11	0	0
2002	1	29	2	1438	1430	1610	1606	US	755	N389��	92	96	78	4	8	DTW	CLT	500	5	9	0	0
2002	1	30	3	1424	1430	1558	1606	US	755	N336��	94	96	77	-8	-6	DTW	CLT	500	3	14	0	0
2002	1	31	4	1431	1430	1617	1606	US	755	N340��	106	96	83	11	1	DTW	CLT	500	5	18	0	0
2002	1	1	2	1006	1010	1300	1315	US	756	N346��	114	125	96	-15	-4	MCI	PIT	773	9	9	0	0
2002	1	2	3	1023	1010	1344	1315	US	756	N376��	141	125	105	29	13	MCI	PIT	773	6	30	0	0
2002	1	3	4	1003	1010	1311	1315	US	756	N524A�	128	125	111	-4	-7	MCI	PIT	773	6	11	0	0
2002	1	4	5	1008	1010	1311	1315	US	756	N559A�	123	125	105	-4	-2	MCI	PIT	773	4	14	0	0
2002	1	5	6	1005	1010	1311	1315	US	756	N520A�	126	125	101	-4	-5	MCI	PIT	773	4	21	0	0
2002	1	6	7	1007	1010	1259	1311	US	756	N384��	112	121	99	-12	-3	MCI	PIT	773	3	10	0	0
2002	1	7	1	1015	1010	1337	1311	US	756	N505A�	142	121	119	26	5	MCI	PIT	773	7	16	0	0
2002	1	8	2	1002	1010	1319	1311	US	756	N346��	137	121	113	8	-8	MCI	PIT	773	8	16	0	0
2002	1	9	3	1007	1010	1302	1311	US	756	N526A�	115	121	99	-9	-3	MCI	PIT	773	6	10	0	0
2002	1	10	4	1004	1010	1254	1311	US	756	N373��	110	121	91	-17	-6	MCI	PIT	773	6	13	0	0
2002	1	11	5	1007	1010	1315	1311	US	756	N514A�	128	121	111	4	-3	MCI	PIT	773	6	11	0	0
2002	1	12	6	1007	1010	1301	1311	US	756	N506A�	114	121	97	-10	-3	MCI	PIT	773	6	11	0	0
2002	1	13	7	1007	1010	1255	1311	US	756	N530A�	108	121	93	-16	-3	MCI	PIT	773	7	8	0	0
2002	1	14	1	1010	1010	1304	1311	US	756	N560A�	114	121	93	-7	0	MCI	PIT	773	6	15	0	0
2002	1	15	2	1003	1010	1256	1311	US	756	N511A�	113	121	98	-15	-7	MCI	PIT	773	8	7	0	0
2002	1	16	3	1007	1010	1249	1311	US	756	N355��	102	121	87	-22	-3	MCI	PIT	773	7	8	0	0
2002	1	17	4	1006	1010	1255	1311	US	756	N300A�	109	121	88	-16	-4	MCI	PIT	773	6	15	0	0
2002	1	18	5	1003	1010	1247	1311	US	756	N396��	104	121	91	-24	-7	MCI	PIT	773	5	8	0	0
2002	1	19	6	1024	1010	1320	1311	US	756	N371��	116	121	99	9	14	MCI	PIT	773	7	10	0	0
2002	1	20	7	1008	1010	1253	1311	US	756	N534A�	105	121	88	-18	-2	MCI	PIT	773	7	10	0	0
2002	1	21	1	1009	1010	1301	1311	US	756	N334��	112	121	97	-10	-1	MCI	PIT	773	5	10	0	0
2002	1	22	2	1005	1010	1256	1311	US	756	N383��	111	121	95	-15	-5	MCI	PIT	773	6	10	0	0
2002	1	23	3	1008	1010	1254	1311	US	756	N371��	106	121	93	-17	-2	MCI	PIT	773	5	8	0	0
2002	1	24	4	1009	1010	1255	1311	US	756	N516A�	106	121	89	-16	-1	MCI	PIT	773	4	13	0	0
2002	1	25	5	1010	1010	1303	1311	US	756	N394��	113	121	101	-8	0	MCI	PIT	773	3	9	0	0
2002	1	26	6	1007	1010	1254	1311	US	756	N558A�	107	121	95	-17	-3	MCI	PIT	773	4	8	0	0
2002	1	27	7	1216	1010	1507	1311	US	756	N353��	111	121	95	116	126	MCI	PIT	773	6	10	0	0
2002	1	28	1	1001	1010	1248	1311	US	756	N592��	107	121	92	-23	-9	MCI	PIT	773	5	10	0	0
2002	1	29	2	1006	1010	1252	1311	US	756	N349��	106	121	92	-19	-4	MCI	PIT	773	5	9	0	0
2002	1	30	3	1041	1010	1439	1311	US	756	N590��	178	121	89	88	31	MCI	PIT	773	5	84	0	0
2002	1	31	4	NULL	1010	NULL	1311	US	756	�NKNO�	NULL	121	NULL	NULL	NULL	MCI	PIT	773	0	0	1	0
2002	1	1	2	1413	1415	1515	1536	US	756	N346��	62	81	47	-21	-2	PIT	LGA	335	5	10	0	0
2002	1	2	3	1429	1415	1541	1536	US	756	N376��	72	81	51	5	14	PIT	LGA	335	4	17	0	0
2002	1	3	4	1424	1415	1536	1536	US	756	N524A�	72	81	53	0	9	PIT	LGA	335	8	11	0	0
2002	1	4	5	1413	1415	1525	1536	US	756	N559A�	72	81	57	-11	-2	PIT	LGA	335	6	9	0	0
2002	1	6	7	1438	1415	1637	1534	US	756	N384��	119	79	54	63	23	PIT	LGA	335	6	59	0	0
2002	1	7	1	1416	1415	1552	1534	US	756	N505A�	96	79	60	18	1	PIT	LGA	335	10	26	0	0
2002	1	8	2	1412	1415	1532	1534	US	756	N346��	80	79	59	-2	-3	PIT	LGA	335	9	12	0	0
2002	1	9	3	1413	1415	1531	1534	US	756	N526A�	78	79	58	-3	-2	PIT	LGA	335	6	14	0	0
2002	1	10	4	1412	1415	1527	1534	US	756	N373��	75	79	54	-7	-3	PIT	LGA	335	6	15	0	0
2002	1	11	5	1411	1415	1522	1534	US	756	N514A�	71	79	54	-12	-4	PIT	LGA	335	7	10	0	0
2002	1	12	6	1411	1415	1525	1534	US	756	N506A�	74	79	52	-9	-4	PIT	LGA	335	8	14	0	0
2002	1	13	7	1413	1415	1535	1534	US	756	N530A�	82	79	60	1	-2	PIT	LGA	335	7	15	0	0
2002	1	14	1	1412	1415	1527	1534	US	756	N560A�	75	79	53	-7	-3	PIT	LGA	335	9	13	0	0
2002	1	15	2	1415	1415	1538	1534	US	756	N511A�	83	79	55	4	0	PIT	LGA	335	9	19	0	0
2002	1	16	3	1412	1415	1518	1534	US	756	N355��	66	79	47	-16	-3	PIT	LGA	335	6	13	0	0
2002	1	17	4	1413	1415	1526	1534	US	756	N300A�	73	79	52	-8	-2	PIT	LGA	335	8	13	0	0
2002	1	18	5	1419	1415	1534	1534	US	756	N396��	75	79	57	0	4	PIT	LGA	335	7	11	0	0
2002	1	19	6	1417	1415	1552	1534	US	756	N371��	95	79	54	18	2	PIT	LGA	335	11	30	0	0
2002	1	20	7	1413	1415	1523	1534	US	756	N534A�	70	79	52	-11	-2	PIT	LGA	335	7	11	0	0
2002	1	21	1	1418	1415	1533	1534	US	756	N334��	75	79	58	-1	3	PIT	LGA	335	7	10	0	0
2002	1	22	2	1413	1415	1524	1534	US	756	N383��	71	79	51	-10	-2	PIT	LGA	335	6	14	0	0
2002	1	23	3	1413	1415	1529	1534	US	756	N371��	76	79	58	-5	-2	PIT	LGA	335	7	11	0	0
2002	1	24	4	1415	1415	1528	1534	US	756	N516A�	73	79	52	-6	0	PIT	LGA	335	8	13	0	0
2002	1	25	5	1415	1415	1524	1534	US	756	N394��	69	79	55	-10	0	PIT	LGA	335	4	10	0	0
2002	1	26	6	1412	1415	1528	1534	US	756	N558A�	76	79	58	-6	-3	PIT	LGA	335	6	12	0	0
2002	1	27	7	1413	1415	1538	1534	US	756	N505A�	85	79	60	4	-2	PIT	LGA	335	10	15	0	0
2002	1	28	1	1415	1415	1525	1534	US	756	N592��	70	79	52	-9	0	PIT	LGA	335	7	11	0	0
2002	1	29	2	1412	1415	1520	1534	US	756	N349��	68	79	52	-14	-3	PIT	LGA	335	7	9	0	0
2002	1	30	3	1426	1415	1537	1534	US	756	N384��	71	79	49	3	11	PIT	LGA	335	7	15	0	0
2002	1	31	4	1409	1415	1520	1534	US	756	N389��	71	79	52	-14	-6	PIT	LGA	335	6	13	0	0
2002	1	2	3	655	645	811	816	US	758	N749��	76	91	56	-5	10	RDU	LGA	431	8	12	0	0
2002	1	3	4	NULL	645	NULL	816	US	758	�NKNO�	NULL	91	NULL	NULL	NULL	RDU	LGA	431	0	0	1	0
2002	1	4	5	719	645	850	816	US	758	N725��	91	91	70	34	34	RDU	LGA	431	7	14	0	0
2002	1	5	6	638	645	803	816	US	758	N703��	85	91	62	-13	-7	RDU	LGA	431	10	13	0	0
2002	1	7	1	646	648	802	815	US	758	N719��	76	87	61	-13	-2	RDU	LGA	431	5	10	0	0
2002	1	8	2	643	648	806	815	US	758	N758��	83	87	69	-9	-5	RDU	LGA	431	4	10	0	0
2002	1	9	3	644	648	807	815	US	758	N706��	83	87	64	-8	-4	RDU	LGA	431	7	12	0	0
2002	1	10	4	645	648	807	815	US	758	N732��	82	87	66	-8	-3	RDU	LGA	431	7	9	0	0
2002	1	11	5	644	648	807	815	US	758	N730��	83	87	65	-8	-4	RDU	LGA	431	7	11	0	0
2002	1	13	7	640	648	801	815	US	758	N747��	81	87	62	-14	-8	RDU	LGA	431	7	12	0	0
2002	1	14	1	642	648	804	815	US	758	N742��	82	87	64	-11	-6	RDU	LGA	431	7	11	0	0
2002	1	15	2	730	648	844	815	US	758	N728��	74	87	60	29	42	RDU	LGA	431	6	8	0	0
2002	1	16	3	642	648	758	815	US	758	N745��	76	87	62	-17	-6	RDU	LGA	431	5	9	0	0
2002	1	17	4	643	648	758	815	US	758	N729��	75	87	60	-17	-5	RDU	LGA	431	7	8	0	0
2002	1	18	5	639	648	757	815	US	758	N706��	78	87	61	-18	-9	RDU	LGA	431	6	11	0	0
2002	1	20	7	636	648	802	815	US	758	N730��	86	87	58	-13	-12	RDU	LGA	431	6	22	0	0
2002	1	21	1	645	648	808	815	US	758	N709��	83	87	58	-7	-3	RDU	LGA	431	9	16	0	0
2002	1	22	2	641	648	812	815	US	758	N715��	91	87	67	-3	-7	RDU	LGA	431	7	17	0	0
2002	1	23	3	707	648	831	815	US	758	N737��	84	87	64	16	19	RDU	LGA	431	6	14	0	0
2002	1	24	4	638	648	801	815	US	758	N713��	83	87	66	-14	-10	RDU	LGA	431	6	11	0	0
2002	1	25	5	641	648	757	815	US	758	N712��	76	87	59	-18	-7	RDU	LGA	431	4	13	0	0
2002	1	27	7	635	648	806	815	US	758	N736��	91	87	65	-9	-13	RDU	LGA	431	6	20	0	0
2002	1	28	1	640	648	809	815	US	758	N721��	89	87	66	-6	-8	RDU	LGA	431	11	12	0	0
2002	1	29	2	639	648	811	815	US	758	N715��	92	87	70	-4	-9	RDU	LGA	431	9	13	0	0
2002	1	30	3	645	648	806	815	US	758	N770��	81	87	68	-9	-3	RDU	LGA	431	5	8	0	0
2002	1	31	4	645	648	806	815	US	758	N742��	81	87	56	-9	-3	RDU	LGA	431	10	15	0	0
2002	1	6	7	1827	1755	2009	1950	US	759	N575��	102	115	78	19	32	BOS	PIT	496	6	18	0	0
2002	1	7	1	1833	1755	2101	1950	US	759	N353��	148	115	75	71	38	BOS	PIT	496	7	66	0	0
2002	1	8	2	1754	1755	1936	1950	US	759	N523A�	102	115	79	-14	-1	BOS	PIT	496	7	16	0	0
2002	1	9	3	1748	1755	1950	1950	US	759	N300A�	122	115	88	0	-7	BOS	PIT	496	7	27	0	0
2002	1	10	4	1750	1755	1947	1950	US	759	N393��	117	115	93	-3	-5	BOS	PIT	496	6	18	0	0
2002	1	11	5	1745	1755	1926	1950	US	759	N385��	101	115	78	-24	-10	BOS	PIT	496	6	17	0	0
2002	1	13	7	1814	1755	2004	1950	US	759	N349��	110	115	86	14	19	BOS	PIT	496	4	20	0	0
2002	1	14	1	1755	1755	1950	1950	US	759	N393��	115	115	104	0	0	BOS	PIT	496	6	5	0	0
2002	1	15	2	NULL	1755	NULL	1950	US	759	�NKNO�	NULL	115	NULL	NULL	NULL	BOS	PIT	496	0	0	1	0
2002	1	16	3	1747	1755	1942	1950	US	759	N339��	115	115	89	-8	-8	BOS	PIT	496	6	20	0	0
2002	1	17	4	1749	1755	1951	1950	US	759	N586��	122	115	99	1	-6	BOS	PIT	496	6	17	0	0
2002	1	18	5	1801	1755	1956	1950	US	759	N559A�	115	115	83	6	6	BOS	PIT	496	7	25	0	0
2002	1	20	7	1751	1755	1940	1950	US	759	N525A�	109	115	89	-10	-4	BOS	PIT	496	7	13	0	0
2002	1	21	1	1802	1755	2002	1950	US	759	N575��	120	115	86	12	7	BOS	PIT	496	7	27	0	0
2002	1	22	2	1746	1755	1939	1950	US	759	N504A�	113	115	84	-11	-9	BOS	PIT	496	8	21	0	0
2002	1	23	3	1749	1755	1946	1950	US	759	N338��	117	115	94	-4	-6	BOS	PIT	496	5	18	0	0
2002	1	24	4	1800	1755	2017	1950	US	759	N373��	137	115	104	27	5	BOS	PIT	496	7	26	0	0
2002	1	25	5	1752	1755	1948	1950	US	759	N340��	116	115	91	-2	-3	BOS	PIT	496	6	19	0	0
2002	1	27	7	1746	1755	1934	1950	US	759	N562A�	108	115	84	-16	-9	BOS	PIT	496	6	18	0	0
2002	1	28	1	1748	1755	1935	1950	US	759	N371��	107	115	84	-15	-7	BOS	PIT	496	7	16	0	0
2002	1	29	2	1747	1755	1942	1950	US	759	N520A�	115	115	89	-8	-8	BOS	PIT	496	7	19	0	0
2002	1	30	3	1801	1755	1959	1950	US	759	N517A�	118	115	93	9	6	BOS	PIT	496	7	18	0	0
2002	1	31	4	1957	1755	2157	1950	US	759	N562A�	120	115	85	127	122	BOS	PIT	496	4	31	0	0
2002	1	6	7	2046	2045	2152	2136	US	759	N575��	66	51	39	16	1	PIT	CMH	144	4	23	0	0
2002	1	7	1	2134	2045	2235	2136	US	759	N353��	61	51	26	59	49	PIT	CMH	144	5	30	0	0
2002	1	8	2	2045	2045	2127	2136	US	759	N523A�	42	51	29	-9	0	PIT	CMH	144	3	10	0	0
2002	1	9	3	2045	2045	2138	2136	US	759	N300A�	53	51	32	2	0	PIT	CMH	144	5	16	0	0
2002	1	10	4	2046	2045	2136	2136	US	759	N341��	50	51	32	0	1	PIT	CMH	144	4	14	0	0
2002	1	11	5	2042	2045	2128	2136	US	759	N385��	46	51	29	-8	-3	PIT	CMH	144	3	14	0	0
2002	1	12	6	2041	2045	2125	2136	US	759	N563��	44	51	31	-11	-4	PIT	CMH	144	3	10	0	0
2002	1	13	7	2042	2045	2131	2136	US	759	N559A�	49	51	33	-5	-3	PIT	CMH	144	2	14	0	0
2002	1	14	1	2045	2045	2128	2136	US	759	N393��	43	51	35	-8	0	PIT	CMH	144	3	5	0	0
2002	1	15	2	2047	2045	2200	2136	US	759	N576��	73	51	28	24	2	PIT	CMH	144	6	39	0	0
2002	1	16	3	2042	2045	2136	2136	US	759	N339��	54	51	38	0	-3	PIT	CMH	144	2	14	0	0
2002	1	17	4	2045	2045	2133	2136	US	759	N529A�	48	51	33	-3	0	PIT	CMH	144	4	11	0	0
2002	1	18	5	2044	2045	2139	2136	US	759	N559A�	55	51	30	3	-1	PIT	CMH	144	6	19	0	0
2002	1	19	6	2049	2045	2139	2136	US	759	N586��	50	51	29	3	4	PIT	CMH	144	4	17	0	0
2002	1	20	7	2041	2045	2139	2136	US	759	N525A�	58	51	35	3	-4	PIT	CMH	144	3	20	0	0
2002	1	21	1	2045	2045	2136	2136	US	759	N575��	51	51	31	0	0	PIT	CMH	144	3	17	0	0
2002	1	22	2	2049	2045	2138	2136	US	759	N504A�	49	51	33	2	4	PIT	CMH	144	3	13	0	0
2002	1	23	3	2044	2045	2134	2136	US	759	N338��	50	51	31	-2	-1	PIT	CMH	144	4	15	0	0
2002	1	24	4	2046	2045	2130	2136	US	759	N373��	44	51	28	-6	1	PIT	CMH	144	3	13	0	0
2002	1	25	5	2041	2045	2126	2136	US	759	N340��	45	51	28	-10	-4	PIT	CMH	144	4	13	0	0
2002	1	26	6	2042	2045	2129	2136	US	759	N533A�	47	51	30	-7	-3	PIT	CMH	144	4	13	0	0
2002	1	27	7	2041	2045	2129	2136	US	759	N562A�	48	51	26	-7	-4	PIT	CMH	144	4	18	0	0
2002	1	28	1	2041	2045	2131	2136	US	759	N371��	50	51	29	-5	-4	PIT	CMH	144	5	16	0	0
2002	1	29	2	2042	2045	2143	2136	US	759	N520A�	61	51	40	7	-3	PIT	CMH	144	6	15	0	0
2002	1	30	3	2041	2045	2139	2136	US	759	N517A�	58	51	37	3	-4	PIT	CMH	144	2	19	0	0
2002	1	31	4	2043	2045	2132	2136	US	759	N507A�	49	51	30	-4	-2	PIT	CMH	144	4	15	0	0
2002	1	2	3	1050	1055	1141	1137	US	760	N375��	51	42	24	4	-5	CLT	AVL	92	2	25	0	0
2002	1	3	4	1052	1055	1213	1137	US	760	N394��	81	42	23	36	-3	CLT	AVL	92	3	55	0	0
2002	1	4	5	1104	1055	1149	1137	US	760	N523A�	45	42	21	12	9	CLT	AVL	92	4	20	0	0
2002	1	6	7	1101	1055	1142	1137	US	760	N504A�	41	42	23	5	6	CLT	AVL	92	3	15	0	0
2002	1	7	1	1052	1055	1131	1137	US	760	N338��	39	42	21	-6	-3	CLT	AVL	92	4	14	0	0
2002	1	8	2	1051	1055	1142	1137	US	760	N563��	51	42	21	5	-4	CLT	AVL	92	11	19	0	0
2002	1	9	3	1051	1055	1137	1137	US	760	N558A�	46	42	24	0	-4	CLT	AVL	92	5	17	0	0
2002	1	10	4	1051	1055	1141	1137	US	760	N395��	50	42	22	4	-4	CLT	AVL	92	4	24	0	0
2002	1	11	5	1053	1055	1145	1137	US	760	N522A�	52	42	27	8	-2	CLT	AVL	92	5	20	0	0
2002	1	12	6	1051	1055	1128	1137	US	760	N530A�	37	42	20	-9	-4	CLT	AVL	92	4	13	0	0
2002	1	13	7	1051	1055	1138	1137	US	760	N504A�	47	42	23	1	-4	CLT	AVL	92	4	20	0	0
2002	1	14	1	1113	1055	1146	1137	US	760	N335��	33	42	18	9	18	CLT	AVL	92	3	12	0	0
2002	1	15	2	1050	1055	1133	1137	US	760	N394��	43	42	22	-4	-5	CLT	AVL	92	3	18	0	0
2002	1	16	3	1050	1055	1129	1137	US	760	N529A�	39	42	21	-8	-5	CLT	AVL	92	3	15	0	0
2002	1	17	4	1051	1055	1136	1137	US	760	N349��	45	42	24	-1	-4	CLT	AVL	92	4	17	0	0
2002	1	18	5	1059	1055	1148	1137	US	760	N592��	49	42	26	11	4	CLT	AVL	92	7	16	0	0
2002	1	19	6	NULL	1055	NULL	1137	US	760	�NKNO�	NULL	42	NULL	NULL	NULL	CLT	AVL	92	0	0	1	0
2002	1	20	7	1122	1055	1159	1137	US	760	N517A�	37	42	20	22	27	CLT	AVL	92	4	13	0	0
2002	1	21	1	1053	1055	1134	1137	US	760	N353��	41	42	26	-3	-2	CLT	AVL	92	3	12	0	0
2002	1	22	2	1050	1055	1127	1137	US	760	N375��	37	42	21	-10	-5	CLT	AVL	92	2	14	0	0
2002	1	23	3	1112	1055	1151	1137	US	760	N339��	39	42	26	14	17	CLT	AVL	92	2	11	0	0
2002	1	24	4	1051	1055	1151	1137	US	760	N506A�	60	42	30	14	-4	CLT	AVL	92	6	24	0	0
2002	1	25	5	1052	1055	1136	1137	US	760	N559A�	44	42	22	-1	-3	CLT	AVL	92	3	19	0	0
2002	1	26	6	1049	1055	1141	1137	US	760	N353��	52	42	21	4	-6	CLT	AVL	92	5	26	0	0
2002	1	27	7	1052	1055	1140	1137	US	760	N533A�	48	42	21	3	-3	CLT	AVL	92	4	23	0	0
2002	1	28	1	1048	1055	1131	1137	US	760	N516A�	43	42	19	-6	-7	CLT	AVL	92	3	21	0	0
2002	1	29	2	1051	1055	1137	1137	US	760	N356��	46	42	24	0	-4	CLT	AVL	92	5	17	0	0
2002	1	30	3	1047	1055	1125	1137	US	760	N574��	38	42	19	-12	-8	CLT	AVL	92	3	16	0	0
2002	1	31	4	1049	1055	1135	1137	US	760	N355��	46	42	23	-2	-6	CLT	AVL	92	2	21	0	0
2002	1	1	2	912	915	958	1006	US	760	N395��	46	51	23	-8	-3	GSO	CLT	83	10	13	0	0
2002	1	2	3	918	915	954	1006	US	760	N375��	36	51	24	-12	3	GSO	CLT	83	4	8	0	0
2002	1	3	4	914	915	1011	1006	US	760	N394��	57	51	33	5	-1	GSO	CLT	83	9	15	0	0
2002	1	4	5	911	915	957	1006	US	760	N523A�	46	51	21	-9	-4	GSO	CLT	83	10	15	0	0
2002	1	5	6	NULL	915	NULL	1006	US	760	�NKNO�	NULL	51	NULL	NULL	NULL	GSO	CLT	83	0	0	1	0
2002	1	6	7	1812	1740	2042	2005	US	761	N724��	150	145	123	37	32	BOS	CLT	728	9	18	0	0
2002	1	7	1	1736	1740	1946	2005	US	761	N741��	130	145	108	-19	-4	BOS	CLT	728	9	13	0	0
2002	1	8	2	1740	1740	1942	2005	US	761	N718��	122	145	102	-23	0	BOS	CLT	728	6	14	0	0
2002	1	9	3	1738	1740	1945	2005	US	761	N725��	127	145	106	-20	-2	BOS	CLT	728	4	17	0	0
2002	1	10	4	1745	1740	1956	2005	US	761	N749��	131	145	115	-9	5	BOS	CLT	728	3	13	0	0
2002	1	11	5	1741	1740	1947	2005	US	761	N770��	126	145	108	-18	1	BOS	CLT	728	5	13	0	0
2002	1	13	7	NULL	1740	NULL	2005	US	761	�NKNO�	NULL	145	NULL	NULL	NULL	BOS	CLT	728	0	0	1	0
2002	1	14	1	1736	1740	2010	2005	US	761	N703��	154	145	134	5	-4	BOS	CLT	728	5	15	0	0
2002	1	15	2	1737	1740	2004	2005	US	761	N733��	147	145	112	-1	-3	BOS	CLT	728	6	29	0	0
2002	1	16	3	1738	1740	1953	2005	US	761	N758��	135	145	111	-12	-2	BOS	CLT	728	5	19	0	0
2002	1	17	4	1736	1740	2009	2005	US	761	N732��	153	145	125	4	-4	BOS	CLT	728	6	22	0	0
2002	1	18	5	1739	1740	1959	2005	US	761	N770��	140	145	118	-6	-1	BOS	CLT	728	5	17	0	0
2002	1	20	7	1736	1740	1955	2005	US	761	N721��	139	145	118	-10	-4	BOS	CLT	728	7	14	0	0
2002	1	21	1	1743	1740	2011	2005	US	761	N749��	148	145	121	6	3	BOS	CLT	728	5	22	0	0
2002	1	22	2	1736	1740	2002	2005	US	761	N711��	146	145	119	-3	-4	BOS	CLT	728	4	23	0	0
2002	1	23	3	1738	1740	2001	2005	US	761	N758��	143	145	119	-4	-2	BOS	CLT	728	8	16	0	0
2002	1	24	4	1740	1740	2016	2005	US	761	N744��	156	145	132	11	0	BOS	CLT	728	7	17	0	0
2002	1	25	5	1812	1740	2038	2005	US	761	N720��	146	145	113	33	32	BOS	CLT	728	6	27	0	0
2002	1	27	7	1742	1740	1939	2005	US	761	N724��	117	145	102	-26	2	BOS	CLT	728	4	11	0	0
2002	1	28	1	1732	1740	1950	2005	US	761	N760��	138	145	108	-15	-8	BOS	CLT	728	5	25	0	0
2002	1	29	2	1735	1740	1939	2005	US	761	N720��	124	145	108	-26	-5	BOS	CLT	728	3	13	0	0
2002	1	30	3	1756	1740	2013	2005	US	761	N708��	137	145	112	8	16	BOS	CLT	728	3	22	0	0
2002	1	31	4	1817	1740	2046	2005	US	761	N716��	149	145	112	41	37	BOS	CLT	728	5	32	0	0
2002	1	1	2	2236	2245	5	17	US	761	N510A�	149	152	131	-12	-9	CLT	MCI	809	6	12	0	0
2002	1	2	3	2308	2245	47	17	US	761	N515A�	159	152	106	30	23	CLT	MCI	809	4	49	0	0
2002	1	3	4	2247	2245	2357	17	US	761	N563��	130	152	116	-20	2	CLT	MCI	809	3	11	0	0
2002	1	4	5	2239	2245	2354	17	US	761	N335��	135	152	120	-23	-6	CLT	MCI	809	3	12	0	0
2002	1	6	7	2114	2100	2227	2236	US	761	N724��	133	156	115	-9	14	CLT	MCI	809	4	14	0	0
2002	1	7	1	2055	2100	2214	2236	US	761	N741��	139	156	116	-22	-5	CLT	MCI	809	4	19	0	0
2002	1	8	2	2055	2100	2218	2236	US	761	N718��	143	156	121	-18	-5	CLT	MCI	809	3	19	0	0
2002	1	9	3	2054	2100	2229	2236	US	761	N725��	155	156	127	-7	-6	CLT	MCI	809	5	23	0	0
2002	1	10	4	2151	2100	2313	2236	US	761	N705��	142	156	129	37	51	CLT	MCI	809	5	8	0	0
2002	1	11	5	2057	2100	2222	2236	US	761	N770��	145	156	122	-14	-3	CLT	MCI	809	3	20	0	0
2002	1	13	7	2114	2100	2238	2236	US	761	N768��	144	156	122	2	14	CLT	MCI	809	6	16	0	0
2002	1	14	1	2101	2100	2233	2236	US	761	N737��	152	156	130	-3	1	CLT	MCI	809	5	17	0	0
2002	1	15	2	2100	2100	2232	2236	US	761	N733��	152	156	133	-4	0	CLT	MCI	809	3	16	0	0
2002	1	16	3	2052	2100	2243	2236	US	761	N758��	171	156	148	7	-8	CLT	MCI	809	5	18	0	0
2002	1	17	4	2103	2100	2256	2236	US	761	N732��	173	156	152	20	3	CLT	MCI	809	3	18	0	0
2002	1	18	5	2055	2100	2239	2236	US	761	N770��	164	156	141	3	-5	CLT	MCI	809	6	17	0	0
2002	1	20	7	2054	2100	2239	2236	US	761	N721��	165	156	144	3	-6	CLT	MCI	809	8	13	0	0
2002	1	21	1	2057	2100	2239	2236	US	761	N767��	162	156	137	3	-3	CLT	MCI	809	4	21	0	0
2002	1	22	2	2054	2100	2240	2236	US	761	N711��	166	156	132	4	-6	CLT	MCI	809	4	30	0	0
2002	1	23	3	2058	2100	2233	2236	US	761	N758��	155	156	130	-3	-2	CLT	MCI	809	4	21	0	0
2002	1	24	4	2054	2100	2244	2236	US	761	N744��	170	156	132	8	-6	CLT	MCI	809	8	30	0	0
2002	1	25	5	2052	2100	2214	2236	US	761	N700��	142	156	123	-22	-8	CLT	MCI	809	5	14	0	0
2002	1	27	7	2057	2100	2218	2236	US	761	N724��	141	156	113	-18	-3	CLT	MCI	809	4	24	0	0
2002	1	28	1	2053	2100	2223	2236	US	761	N760��	150	156	123	-13	-7	CLT	MCI	809	8	19	0	0
2002	1	29	2	2057	2100	2226	2236	US	761	N720��	149	156	129	-10	-3	CLT	MCI	809	4	16	0	0
2002	1	30	3	NULL	2100	NULL	2236	US	761	�NKNO�	NULL	156	NULL	NULL	NULL	CLT	MCI	809	0	0	1	0
2002	1	31	4	2110	2100	2241	2236	US	761	N739��	151	156	122	5	10	CLT	MCI	809	7	22	0	0
2002	1	1	2	1434	1425	1719	1701	US	763	N444��	165	156	142	18	9	PHL	PBI	951	5	18	0	0
2002	1	2	3	1446	1425	1733	1701	US	763	N428��	167	156	151	32	21	PHL	PBI	951	5	11	0	0
2002	1	3	4	1528	1425	1823	1701	US	763	N417��	175	156	158	82	63	PHL	PBI	951	3	14	0	0
2002	1	4	5	1454	1425	1721	1701	US	763	N409��	147	156	119	20	29	PHL	PBI	951	3	25	0	0
2002	1	5	6	1453	1425	1751	1701	US	763	N783A�	178	156	142	50	28	PHL	PBI	951	5	31	0	0
2002	1	6	7	1441	1425	1742	1702	US	763	N421��	181	157	160	40	16	PHL	PBI	951	6	15	0	0
2002	1	7	1	1504	1425	1821	1702	US	763	N417��	197	157	155	79	39	PHL	PBI	951	5	37	0	0
2002	1	8	2	1426	1425	1658	1702	US	763	N435��	152	157	130	-4	1	PHL	PBI	951	4	18	0	0
2002	1	9	3	1430	1425	1653	1702	US	763	N422��	143	157	119	-9	5	PHL	PBI	951	4	20	0	0
2002	1	10	4	1432	1425	1700	1702	US	763	N420��	148	157	128	-2	7	PHL	PBI	951	4	16	0	0
2002	1	11	5	1436	1425	1734	1702	US	763	N419��	178	157	152	32	11	PHL	PBI	951	5	21	0	0
2002	1	12	6	1425	1425	1708	1702	US	763	N428��	163	157	145	6	0	PHL	PBI	951	5	13	0	0
2002	1	13	7	1427	1425	1710	1702	US	763	N407��	163	157	147	8	2	PHL	PBI	951	5	11	0	0
2002	1	14	1	1428	1425	1707	1702	US	763	N420��	159	157	142	5	3	PHL	PBI	951	6	11	0	0
2002	1	15	2	1424	1425	1723	1702	US	763	N778A�	179	157	155	21	-1	PHL	PBI	951	6	18	0	0
2002	1	16	3	1437	1425	1701	1702	US	763	N422��	144	157	129	-1	12	PHL	PBI	951	4	11	0	0
2002	1	17	4	1437	1425	1720	1702	US	763	N430��	163	157	137	18	12	PHL	PBI	951	4	22	0	0
2002	1	18	5	1434	1425	1718	1702	US	763	N785A�	164	157	144	16	9	PHL	PBI	951	7	13	0	0
2002	1	19	6	1447	1425	1904	1702	US	763	N413��	257	157	139	122	22	PHL	PBI	951	5	113	0	0
2002	1	20	7	1507	1425	1745	1702	US	763	N431��	158	157	138	43	42	PHL	PBI	951	6	14	0	0
2002	1	21	1	1438	1425	1739	1702	US	763	N439��	181	157	161	37	13	PHL	PBI	951	6	14	0	0
2002	1	22	2	1433	1425	1705	1702	US	763	N418��	152	157	130	3	8	PHL	PBI	951	5	17	0	0
2002	1	23	3	1443	1425	1723	1702	US	763	N433��	160	157	132	21	18	PHL	PBI	951	3	25	0	0
2002	1	24	4	1447	1425	1724	1702	US	763	N407��	157	157	138	22	22	PHL	PBI	951	5	14	0	0
2002	1	25	5	1425	1425	1726	1702	US	763	N777A�	181	157	153	24	0	PHL	PBI	951	5	23	0	0
2002	1	26	6	1425	1425	1702	1702	US	763	N447��	157	157	133	0	0	PHL	PBI	951	5	19	0	0
2002	1	27	7	1428	1425	1705	1702	US	763	N444��	157	157	134	3	3	PHL	PBI	951	7	16	0	0
2002	1	28	1	1423	1425	1709	1702	US	763	N783A�	166	157	128	7	-2	PHL	PBI	951	6	32	0	0
2002	1	29	2	1435	1425	1653	1702	US	763	N447��	138	157	123	-9	10	PHL	PBI	951	5	10	0	0
2002	1	30	3	1420	1425	1650	1702	US	763	N781A�	150	157	129	-12	-5	PHL	PBI	951	5	16	0	0
2002	1	31	4	1454	1425	1723	1702	US	763	N418��	149	157	135	21	29	PHL	PBI	951	5	9	0	0
2002	1	1	2	1534	1540	1637	1645	US	764	N827��	63	65	52	-8	-6	AVP	PIT	243	5	6	0	0
2002	1	2	3	1540	1540	1645	1645	US	764	N826��	65	65	49	0	0	AVP	PIT	243	7	9	0	0
2002	1	3	4	1644	1540	1738	1645	US	764	N825��	54	65	40	53	64	AVP	PIT	243	6	8	0	0
2002	1	4	5	1536	1540	1636	1645	US	764	N830��	60	65	51	-9	-4	AVP	PIT	243	3	6	0	0
2002	1	5	6	1552	1540	1656	1645	US	764	N816��	64	65	50	11	12	AVP	PIT	243	6	8	0	0
2002	1	6	7	1554	1540	1713	1646	US	764	N827��	79	66	49	27	14	AVP	PIT	243	21	9	0	0
2002	1	7	1	1537	1540	1639	1646	US	764	N816��	62	66	44	-7	-3	AVP	PIT	243	9	9	0	0
2002	1	8	2	1536	1540	1637	1646	US	764	N830��	61	66	45	-9	-4	AVP	PIT	243	7	9	0	0
2002	1	9	3	1533	1540	1641	1646	US	764	N825��	68	66	54	-5	-7	AVP	PIT	243	6	8	0	0
2002	1	10	4	1539	1540	1651	1646	US	764	N812��	72	66	53	5	-1	AVP	PIT	243	7	12	0	0
2002	1	11	5	1532	1540	1636	1646	US	764	N830��	64	66	50	-10	-8	AVP	PIT	243	6	8	0	0
2002	1	12	6	1536	1540	1639	1646	US	764	N827��	63	66	51	-7	-4	AVP	PIT	243	6	6	0	0
2002	1	13	7	NULL	1540	NULL	1646	US	764	�NKNO�	NULL	66	NULL	NULL	NULL	AVP	PIT	243	0	0	1	0
2002	1	14	1	1537	1540	1651	1646	US	764	N811��	74	66	56	5	-3	AVP	PIT	243	7	11	0	0
2002	1	15	2	1537	1540	1645	1646	US	764	N830��	68	66	55	-1	-3	AVP	PIT	243	5	8	0	0
2002	1	16	3	1535	1540	1640	1646	US	764	N825��	65	66	52	-6	-5	AVP	PIT	243	5	8	0	0
2002	1	17	4	1534	1540	1637	1646	US	764	N800��	63	66	52	-9	-6	AVP	PIT	243	5	6	0	0
2002	1	18	5	1535	1540	1648	1646	US	764	N827��	73	66	52	2	-5	AVP	PIT	243	9	12	0	0
2002	1	19	6	NULL	1540	NULL	1646	US	764	�NKNO�	NULL	66	NULL	NULL	NULL	AVP	PIT	243	0	0	1	0
